File,True_w1,True_w2,Predicted_w1,Predicted_w2
17_Green_earth_GA_17400.h5;04_Red_oxide_GA_48600.h5,0.9,0.1,0.9032552076964188,0.09674479230358124
05_Pure_rouge_GA_T3800250A.h5;03_Terre_ombre_GA_T07000250A.h5,0.808,0.192,0.8046965987690077,0.19530340123099232
03_Terre_ombre_GA_T07000250A.h5;04_Red_oxide_GA_48600.h5,0.863,0.137,0.8837408565728564,0.11625914342714361
15_Iron_oxide_GA_1675410.h5;09_Ocre_citron_GA_T2600200A.h5,0.86,0.14,0.7916580364122464,0.2083419635877536
07_Peach_black_GA_12010.h5;12_Malachite_GA_10300.h5,0.831,0.169,0.8342796609563219,0.1657203390436781
06_Ploss_blau_GA_10170.h5;05_Pure_rouge_GA_T3800250A.h5,0.9,0.1,0.9006897541797318,0.09931024582026815
08_Ocre_havane_GA_T2800200A.h5;02_Ultramarin_GA_45080.h5,0.754,0.246,0.8301669765511845,0.16983302344881546
15_Iron_oxide_GA_1675410.h5;03_Terre_ombre_GA_T07000250A.h5,0.728,0.272,0.7662535974995631,0.23374640250043688
08_Ocre_havane_GA_T2800200A.h5;09_Ocre_citron_GA_T2600200A.h5,0.764,0.236,0.8137328458803265,0.18626715411967354
20_Azurite_GA_10210.h5;18_Egyptian_blue_GA_10060.h5,0.823,0.177,0.8061911186538036,0.19380888134619645
21_Titanium_white_GA_46200.h5;13_Magnesite_GA_11900.h5,0.862,0.138,0.8097424318167094,0.19025756818329065
12_Malachite_GA_10300.h5;09_Ocre_citron_GA_T2600200A.h5,0.756,0.244,0.7598966318136453,0.2401033681863547
16_Indigo_GA_36009.h5;13_Magnesite_GA_11900.h5,0.82,0.18,0.7901598446501966,0.20984015534980338
06_Ploss_blau_GA_10170.h5;15_Iron_oxide_GA_1675410.h5,0.838,0.162,0.8493620675344548,0.15063793246554524
15_Iron_oxide_GA_1675410.h5;01_Ultramarin_GA_45010.h5,0.793,0.207,0.8052480508514047,0.19475194914859528
16_Indigo_GA_36009.h5;11_Malachite_GA_1671144.h5,0.844,0.156,0.8287824119664278,0.17121758803357223
01_Ultramarin_GA_45010.h5;11_Malachite_GA_1671144.h5,0.817,0.183,0.7513158437529653,0.24868415624703466
17_Green_earth_GA_17400.h5;16_Indigo_GA_36009.h5,0.882,0.118,0.8652326206107904,0.13476737938920957
04_Red_oxide_GA_48600.h5;03_Terre_ombre_GA_T07000250A.h5,0.783,0.217,0.7966048484470425,0.2033951515529575
20_Azurite_GA_10210.h5;16_Indigo_GA_36009.h5,0.718,0.282,0.7535475951663942,0.24645240483360575
11_Malachite_GA_1671144.h5;02_Ultramarin_GA_45080.h5,0.784,0.216,0.8013046325889411,0.19869536741105887
17_Green_earth_GA_17400.h5;02_Ultramarin_GA_45080.h5,0.878,0.122,0.8666998148895488,0.13330018511045116
17_Green_earth_GA_17400.h5;21_Titanium_white_GA_46200.h5,0.786,0.214,0.7747398782534983,0.22526012174650167
17_Green_earth_GA_17400.h5;05_Pure_rouge_GA_T3800250A.h5,0.773,0.227,0.7874305079809399,0.21256949201906006
06_Ploss_blau_GA_10170.h5;17_Green_earth_GA_17400.h5,0.826,0.174,0.8180311341436663,0.18196886585633365
18_Egyptian_blue_GA_10060.h5;04_Red_oxide_GA_48600.h5,0.78,0.22,0.7545311230998588,0.2454688769001412
02_Ultramarin_GA_45080.h5;06_Ploss_blau_GA_10170.h5,0.843,0.157,0.7737427708106438,0.2262572291893562
19_Carmin_naccarat_GA_42100.h5;07_Peach_black_GA_12010.h5,0.895,0.105,0.8652910016647739,0.1347089983352261
01_Ultramarin_GA_45010.h5;14_Iron_red_GA_48600.h5,0.711,0.289,0.8011073655354712,0.19889263446452876
02_Ultramarin_GA_45080.h5;09_Ocre_citron_GA_T2600200A.h5,0.802,0.198,0.7756375513085669,0.22436244869143307
20_Azurite_GA_10210.h5;18_Egyptian_blue_GA_10060.h5,0.785,0.215,0.7941201833557715,0.2058798166442285
19_Carmin_naccarat_GA_42100.h5;17_Green_earth_GA_17400.h5,0.821,0.179,0.7759664065874047,0.22403359341259532
13_Magnesite_GA_11900.h5;14_Iron_red_GA_48600.h5,0.766,0.234,0.8070412802557171,0.1929587197442829
12_Malachite_GA_10300.h5;03_Terre_ombre_GA_T07000250A.h5,0.818,0.182,0.8079889565402549,0.19201104345974507
14_Iron_red_GA_48600.h5;16_Indigo_GA_36009.h5,0.804,0.196,0.8418608430636261,0.15813915693637393
21_Titanium_white_GA_46200.h5;09_Ocre_citron_GA_T2600200A.h5,0.832,0.168,0.8194855518854954,0.18051444811450457
01_Ultramarin_GA_45010.h5;16_Indigo_GA_36009.h5,0.867,0.133,0.8398126970556696,0.16018730294433037
19_Carmin_naccarat_GA_42100.h5;10_Malachite_GA_1674110.h5,0.897,0.103,0.8619055356009161,0.1380944643990839
11_Malachite_GA_1671144.h5;14_Iron_red_GA_48600.h5,0.822,0.178,0.8343982313370596,0.1656017686629404
20_Azurite_GA_10210.h5;15_Iron_oxide_GA_1675410.h5,0.789,0.211,0.8011903243258828,0.19880967567411723
05_Pure_rouge_GA_T3800250A.h5;03_Terre_ombre_GA_T07000250A.h5,0.743,0.257,0.8071075880210926,0.19289241197890739
21_Titanium_white_GA_46200.h5;06_Ploss_blau_GA_10170.h5,0.888,0.112,0.8243221273096645,0.17567787269033552
13_Magnesite_GA_11900.h5;03_Terre_ombre_GA_T07000250A.h5,0.793,0.207,0.7909442928277807,0.20905570717221933
19_Carmin_naccarat_GA_42100.h5;09_Ocre_citron_GA_T2600200A.h5,0.783,0.217,0.7940819028592567,0.20591809714074327
03_Terre_ombre_GA_T07000250A.h5;11_Malachite_GA_1671144.h5,0.749,0.251,0.7599517385867869,0.24004826141321312
21_Titanium_white_GA_46200.h5;13_Magnesite_GA_11900.h5,0.767,0.233,0.7974489078071503,0.20255109219284972
20_Azurite_GA_10210.h5;02_Ultramarin_GA_45080.h5,0.788,0.212,0.7903948725438771,0.20960512745612292
03_Terre_ombre_GA_T07000250A.h5;20_Azurite_GA_10210.h5,0.86,0.14,0.8611753580536238,0.13882464194637623
19_Carmin_naccarat_GA_42100.h5;03_Terre_ombre_GA_T07000250A.h5,0.872,0.128,0.874104104328661,0.12589589567133896
08_Ocre_havane_GA_T2800200A.h5;07_Peach_black_GA_12010.h5,0.745,0.255,0.801818397617214,0.19818160238278604
16_Indigo_GA_36009.h5;14_Iron_red_GA_48600.h5,0.783,0.217,0.7751517837872393,0.22484821621276074
04_Red_oxide_GA_48600.h5;02_Ultramarin_GA_45080.h5,0.801,0.199,0.815428144881643,0.18457185511835705
12_Malachite_GA_10300.h5;05_Pure_rouge_GA_T3800250A.h5,0.785,0.215,0.789525579729529,0.21047442027047103
18_Egyptian_blue_GA_10060.h5;06_Ploss_blau_GA_10170.h5,0.761,0.239,0.7721717073163267,0.22782829268367333
18_Egyptian_blue_GA_10060.h5;16_Indigo_GA_36009.h5,0.811,0.189,0.8218691390821888,0.17813086091781116
15_Iron_oxide_GA_1675410.h5;17_Green_earth_GA_17400.h5,0.763,0.237,0.7574454721938957,0.24255452780610431
18_Egyptian_blue_GA_10060.h5;14_Iron_red_GA_48600.h5,0.789,0.211,0.7907737043455042,0.2092262956544958
04_Red_oxide_GA_48600.h5;06_Ploss_blau_GA_10170.h5,0.86,0.14,0.8447289211699677,0.15527107883003233
08_Ocre_havane_GA_T2800200A.h5;01_Ultramarin_GA_45010.h5,0.831,0.169,0.8111740200908782,0.18882597990912176
18_Egyptian_blue_GA_10060.h5;05_Pure_rouge_GA_T3800250A.h5,0.802,0.198,0.7670153892460805,0.23298461075391952
05_Pure_rouge_GA_T3800250A.h5;16_Indigo_GA_36009.h5,0.794,0.206,0.8010033582450256,0.19899664175497445
07_Peach_black_GA_12010.h5;05_Pure_rouge_GA_T3800250A.h5,0.801,0.199,0.804490238456845,0.19550976154315503
05_Pure_rouge_GA_T3800250A.h5;01_Ultramarin_GA_45010.h5,0.794,0.206,0.8026727446673915,0.19732725533260853
16_Indigo_GA_36009.h5;15_Iron_oxide_GA_1675410.h5,0.809,0.191,0.8206068487660646,0.1793931512339354
20_Azurite_GA_10210.h5;09_Ocre_citron_GA_T2600200A.h5,0.76,0.24,0.7876711807603587,0.2123288192396413
21_Titanium_white_GA_46200.h5;08_Ocre_havane_GA_T2800200A.h5,0.847,0.153,0.8241400034661441,0.17585999653385587
06_Ploss_blau_GA_10170.h5;10_Malachite_GA_1674110.h5,0.874,0.126,0.8714405374425328,0.1285594625574672
08_Ocre_havane_GA_T2800200A.h5;06_Ploss_blau_GA_10170.h5,0.793,0.207,0.780397427833254,0.21960257216674595
05_Pure_rouge_GA_T3800250A.h5;20_Azurite_GA_10210.h5,0.835,0.165,0.8159690086479147,0.18403099135208534
17_Green_earth_GA_17400.h5;02_Ultramarin_GA_45080.h5,0.763,0.237,0.760870414034903,0.23912958596509704
21_Titanium_white_GA_46200.h5;02_Ultramarin_GA_45080.h5,0.844,0.156,0.8040864324349585,0.19591356756504152
08_Ocre_havane_GA_T2800200A.h5;14_Iron_red_GA_48600.h5,0.811,0.189,0.798202649134796,0.201797350865204
20_Azurite_GA_10210.h5;15_Iron_oxide_GA_1675410.h5,0.805,0.195,0.8146885413352541,0.18531145866474585
08_Ocre_havane_GA_T2800200A.h5;12_Malachite_GA_10300.h5,0.835,0.165,0.8144415587136258,0.18555844128637422
19_Carmin_naccarat_GA_42100.h5;07_Peach_black_GA_12010.h5,0.815,0.185,0.8033877192473209,0.1966122807526791
14_Iron_red_GA_48600.h5;08_Ocre_havane_GA_T2800200A.h5,0.846,0.154,0.8125622308450642,0.18743776915493582
04_Red_oxide_GA_48600.h5;16_Indigo_GA_36009.h5,0.742,0.258,0.772752492527827,0.22724750747217304
01_Ultramarin_GA_45010.h5;16_Indigo_GA_36009.h5,0.789,0.211,0.797467473414998,0.20253252658500198
11_Malachite_GA_1671144.h5;18_Egyptian_blue_GA_10060.h5,0.812,0.188,0.8125325862953582,0.18746741370464182
05_Pure_rouge_GA_T3800250A.h5;16_Indigo_GA_36009.h5,0.827,0.173,0.797580328730942,0.20241967126905802
15_Iron_oxide_GA_1675410.h5;09_Ocre_citron_GA_T2600200A.h5,0.749,0.251,0.7663876353186195,0.23361236468138047
16_Indigo_GA_36009.h5;04_Red_oxide_GA_48600.h5,0.9,0.1,0.8923229313961093,0.1076770686038907
15_Iron_oxide_GA_1675410.h5;17_Green_earth_GA_17400.h5,0.799,0.201,0.790515551401121,0.20948444859887905
14_Iron_red_GA_48600.h5;18_Egyptian_blue_GA_10060.h5,0.9,0.1,0.8597638364132065,0.14023616358679347
05_Pure_rouge_GA_T3800250A.h5;21_Titanium_white_GA_46200.h5,0.787,0.213,0.8061129707935029,0.19388702920649714
12_Malachite_GA_10300.h5;20_Azurite_GA_10210.h5,0.705,0.295,0.7096777049300124,0.29032229506998763
04_Red_oxide_GA_48600.h5;08_Ocre_havane_GA_T2800200A.h5,0.839,0.161,0.7928204185498142,0.20717958145018578
20_Azurite_GA_10210.h5;02_Ultramarin_GA_45080.h5,0.828,0.172,0.8222118906996264,0.1777881093003736
10_Malachite_GA_1674110.h5;11_Malachite_GA_1671144.h5,0.772,0.228,0.7681332500415355,0.23186674995846446
08_Ocre_havane_GA_T2800200A.h5;03_Terre_ombre_GA_T07000250A.h5,0.744,0.256,0.8242244511116562,0.1757755488883438
01_Ultramarin_GA_45010.h5;14_Iron_red_GA_48600.h5,0.798,0.202,0.8058968619433357,0.19410313805666435
12_Malachite_GA_10300.h5;09_Ocre_citron_GA_T2600200A.h5,0.794,0.206,0.78724937449599,0.21275062550401003
03_Terre_ombre_GA_T07000250A.h5;05_Pure_rouge_GA_T3800250A.h5,0.832,0.168,0.7956111762909006,0.2043888237090994
05_Pure_rouge_GA_T3800250A.h5;01_Ultramarin_GA_45010.h5,0.789,0.211,0.7941524629239707,0.20584753707602932
09_Ocre_citron_GA_T2600200A.h5;17_Green_earth_GA_17400.h5,0.828,0.172,0.789447916577938,0.210552083422062
02_Ultramarin_GA_45080.h5;21_Titanium_white_GA_46200.h5,0.775,0.225,0.8295214416813682,0.1704785583186318
02_Ultramarin_GA_45080.h5;21_Titanium_white_GA_46200.h5,0.786,0.214,0.8016044105861564,0.1983955894138436
16_Indigo_GA_36009.h5;10_Malachite_GA_1674110.h5,0.799,0.201,0.8296878690826807,0.17031213091731934
12_Malachite_GA_10300.h5;07_Peach_black_GA_12010.h5,0.853,0.147,0.8423244860377227,0.1576755139622773
07_Peach_black_GA_12010.h5;21_Titanium_white_GA_46200.h5,0.783,0.217,0.7963314651066116,0.20366853489338843
18_Egyptian_blue_GA_10060.h5;04_Red_oxide_GA_48600.h5,0.863,0.137,0.8593025318434471,0.14069746815655293
21_Titanium_white_GA_46200.h5;10_Malachite_GA_1674110.h5,0.893,0.107,0.8300908091644241,0.16990919083557587
13_Magnesite_GA_11900.h5;18_Egyptian_blue_GA_10060.h5,0.774,0.226,0.8012153994300759,0.19878460056992409
07_Peach_black_GA_12010.h5;11_Malachite_GA_1671144.h5,0.707,0.293,0.7070321645219476,0.2929678354780524
12_Malachite_GA_10300.h5;19_Carmin_naccarat_GA_42100.h5,0.7,0.3,0.7545560515885532,0.2454439484114468
08_Ocre_havane_GA_T2800200A.h5;02_Ultramarin_GA_45080.h5,0.871,0.129,0.7742937654524148,0.2257062345475852
21_Titanium_white_GA_46200.h5;07_Peach_black_GA_12010.h5,0.9,0.1,0.825134443708883,0.174865556291117
20_Azurite_GA_10210.h5;11_Malachite_GA_1671144.h5,0.759,0.241,0.7642402070831777,0.23575979291682225
04_Red_oxide_GA_48600.h5;16_Indigo_GA_36009.h5,0.774,0.226,0.7661094915649032,0.23389050843509684
14_Iron_red_GA_48600.h5;10_Malachite_GA_1674110.h5,0.897,0.103,0.8835971603921796,0.11640283960782039
18_Egyptian_blue_GA_10060.h5;14_Iron_red_GA_48600.h5,0.816,0.184,0.8105717798271003,0.18942822017289973
14_Iron_red_GA_48600.h5;04_Red_oxide_GA_48600.h5,0.726,0.274,0.7166499966022876,0.28335000339771244
17_Green_earth_GA_17400.h5;05_Pure_rouge_GA_T3800250A.h5,0.776,0.224,0.7874679010536197,0.21253209894638025
12_Malachite_GA_10300.h5;03_Terre_ombre_GA_T07000250A.h5,0.782,0.218,0.7710552581013765,0.22894474189862346
03_Terre_ombre_GA_T07000250A.h5;11_Malachite_GA_1671144.h5,0.792,0.208,0.7976413858126263,0.20235861418737366
16_Indigo_GA_36009.h5;07_Peach_black_GA_12010.h5,0.737,0.263,0.7567024736668864,0.24329752633311363
08_Ocre_havane_GA_T2800200A.h5;07_Peach_black_GA_12010.h5,0.809,0.191,0.825614875639095,0.17438512436090503
18_Egyptian_blue_GA_10060.h5;01_Ultramarin_GA_45010.h5,0.813,0.187,0.8254832383181994,0.17451676168180064
08_Ocre_havane_GA_T2800200A.h5;05_Pure_rouge_GA_T3800250A.h5,0.761,0.239,0.8061243829678431,0.19387561703215694
01_Ultramarin_GA_45010.h5;04_Red_oxide_GA_48600.h5,0.822,0.178,0.8009161599166102,0.19908384008338975
14_Iron_red_GA_48600.h5;15_Iron_oxide_GA_1675410.h5,0.822,0.178,0.8094372074819264,0.19056279251807362
01_Ultramarin_GA_45010.h5;12_Malachite_GA_10300.h5,0.726,0.274,0.7319885714595077,0.2680114285404923
01_Ultramarin_GA_45010.h5;14_Iron_red_GA_48600.h5,0.743,0.257,0.7387391412793338,0.2612608587206662
08_Ocre_havane_GA_T2800200A.h5;11_Malachite_GA_1671144.h5,0.842,0.158,0.813931287580673,0.186068712419327
09_Ocre_citron_GA_T2600200A.h5;01_Ultramarin_GA_45010.h5,0.755,0.245,0.7788695137925231,0.22113048620747688
11_Malachite_GA_1671144.h5;09_Ocre_citron_GA_T2600200A.h5,0.819,0.181,0.8436678271173623,0.15633217288263768
12_Malachite_GA_10300.h5;13_Magnesite_GA_11900.h5,0.776,0.224,0.7794424546143869,0.22055754538561312
02_Ultramarin_GA_45080.h5;03_Terre_ombre_GA_T07000250A.h5,0.7,0.3,0.7691583011327404,0.23084169886725958
05_Pure_rouge_GA_T3800250A.h5;11_Malachite_GA_1671144.h5,0.766,0.234,0.7801728108216158,0.21982718917838417
16_Indigo_GA_36009.h5;20_Azurite_GA_10210.h5,0.856,0.144,0.8368179318048424,0.16318206819515757
02_Ultramarin_GA_45080.h5;04_Red_oxide_GA_48600.h5,0.8,0.2,0.8069984666395343,0.19300153336046566
11_Malachite_GA_1671144.h5;12_Malachite_GA_10300.h5,0.871,0.129,0.8773328399836711,0.12266716001632894
21_Titanium_white_GA_46200.h5;03_Terre_ombre_GA_T07000250A.h5,0.843,0.157,0.7764149328504403,0.22358506714955972
06_Ploss_blau_GA_10170.h5;04_Red_oxide_GA_48600.h5,0.836,0.164,0.8427300195908136,0.15726998040918638
09_Ocre_citron_GA_T2600200A.h5;15_Iron_oxide_GA_1675410.h5,0.766,0.234,0.8071497165579622,0.1928502834420378
19_Carmin_naccarat_GA_42100.h5;13_Magnesite_GA_11900.h5,0.798,0.202,0.7907078965130423,0.2092921034869577
11_Malachite_GA_1671144.h5;21_Titanium_white_GA_46200.h5,0.829,0.171,0.7979736667825539,0.20202633321744612
04_Red_oxide_GA_48600.h5;03_Terre_ombre_GA_T07000250A.h5,0.742,0.258,0.786881754688237,0.21311824531176304
12_Malachite_GA_10300.h5;17_Green_earth_GA_17400.h5,0.81,0.19,0.8006555587778035,0.19934444122219652
05_Pure_rouge_GA_T3800250A.h5;01_Ultramarin_GA_45010.h5,0.826,0.174,0.8289083698916178,0.17109163010838224
05_Pure_rouge_GA_T3800250A.h5;06_Ploss_blau_GA_10170.h5,0.784,0.216,0.7885230436048836,0.21147695639511643
19_Carmin_naccarat_GA_42100.h5;02_Ultramarin_GA_45080.h5,0.783,0.217,0.7957941904030862,0.2042058095969138
08_Ocre_havane_GA_T2800200A.h5;02_Ultramarin_GA_45080.h5,0.752,0.248,0.7839595596790855,0.21604044032091452
03_Terre_ombre_GA_T07000250A.h5;12_Malachite_GA_10300.h5,0.723,0.277,0.7154820531057207,0.28451794689427934
20_Azurite_GA_10210.h5;21_Titanium_white_GA_46200.h5,0.771,0.229,0.7684538870576054,0.23154611294239458
13_Magnesite_GA_11900.h5;16_Indigo_GA_36009.h5,0.714,0.286,0.7865453462459275,0.21345465375407247
18_Egyptian_blue_GA_10060.h5;19_Carmin_naccarat_GA_42100.h5,0.818,0.182,0.8199260470010249,0.1800739529989751
02_Ultramarin_GA_45080.h5;01_Ultramarin_GA_45010.h5,0.878,0.122,0.8209016107617367,0.17909838923826327
02_Ultramarin_GA_45080.h5;18_Egyptian_blue_GA_10060.h5,0.824,0.176,0.7879274006771567,0.21207259932284328
09_Ocre_citron_GA_T2600200A.h5;21_Titanium_white_GA_46200.h5,0.819,0.181,0.8122779108002272,0.18772208919977285
01_Ultramarin_GA_45010.h5;14_Iron_red_GA_48600.h5,0.775,0.225,0.7834249196269137,0.21657508037308626
03_Terre_ombre_GA_T07000250A.h5;16_Indigo_GA_36009.h5,0.776,0.224,0.7653470596901528,0.23465294030984718
01_Ultramarin_GA_45010.h5;07_Peach_black_GA_12010.h5,0.737,0.263,0.7493055740017454,0.25069442599825464
16_Indigo_GA_36009.h5;13_Magnesite_GA_11900.h5,0.809,0.191,0.8082995969906177,0.1917004030093823
14_Iron_red_GA_48600.h5;03_Terre_ombre_GA_T07000250A.h5,0.88,0.12,0.8762285445574733,0.12377145544252666
11_Malachite_GA_1671144.h5;20_Azurite_GA_10210.h5,0.827,0.173,0.8269538244738273,0.17304617552617274
12_Malachite_GA_10300.h5;06_Ploss_blau_GA_10170.h5,0.789,0.211,0.7868140273492964,0.2131859726507036
12_Malachite_GA_10300.h5;05_Pure_rouge_GA_T3800250A.h5,0.781,0.219,0.8107915466651083,0.18920845333489167
20_Azurite_GA_10210.h5;12_Malachite_GA_10300.h5,0.801,0.199,0.8016413247666895,0.19835867523331052
09_Ocre_citron_GA_T2600200A.h5;18_Egyptian_blue_GA_10060.h5,0.808,0.192,0.7506913278368273,0.24930867216317265
21_Titanium_white_GA_46200.h5;19_Carmin_naccarat_GA_42100.h5,0.872,0.128,0.8227249436884585,0.1772750563115415
09_Ocre_citron_GA_T2600200A.h5;04_Red_oxide_GA_48600.h5,0.785,0.215,0.7915005399118857,0.20849946008811426
05_Pure_rouge_GA_T3800250A.h5;03_Terre_ombre_GA_T07000250A.h5,0.776,0.224,0.7903781943254078,0.2096218056745922
12_Malachite_GA_10300.h5;07_Peach_black_GA_12010.h5,0.7,0.3,0.7002209445597146,0.2997790554402854
21_Titanium_white_GA_46200.h5;12_Malachite_GA_10300.h5,0.872,0.128,0.8123408711146449,0.18765912888535508
08_Ocre_havane_GA_T2800200A.h5;18_Egyptian_blue_GA_10060.h5,0.7,0.3,0.7832799466834255,0.2167200533165745
18_Egyptian_blue_GA_10060.h5;11_Malachite_GA_1671144.h5,0.797,0.203,0.775657272775116,0.22434272722488402
19_Carmin_naccarat_GA_42100.h5;16_Indigo_GA_36009.h5,0.856,0.144,0.8364720100733304,0.16352798992666961
20_Azurite_GA_10210.h5;01_Ultramarin_GA_45010.h5,0.779,0.221,0.7285881682965502,0.27141183170344985
11_Malachite_GA_1671144.h5;16_Indigo_GA_36009.h5,0.9,0.1,0.87970750130493,0.12029249869506997
07_Peach_black_GA_12010.h5;20_Azurite_GA_10210.h5,0.745,0.255,0.7359649109131488,0.26403508908685125
20_Azurite_GA_10210.h5;09_Ocre_citron_GA_T2600200A.h5,0.865,0.135,0.8514645194820625,0.14853548051793752
19_Carmin_naccarat_GA_42100.h5;01_Ultramarin_GA_45010.h5,0.839,0.161,0.8149710985214348,0.1850289014785652
11_Malachite_GA_1671144.h5;15_Iron_oxide_GA_1675410.h5,0.839,0.161,0.8459139104743404,0.1540860895256596
03_Terre_ombre_GA_T07000250A.h5;19_Carmin_naccarat_GA_42100.h5,0.751,0.249,0.754725294827008,0.245274705172992
11_Malachite_GA_1671144.h5;17_Green_earth_GA_17400.h5,0.825,0.175,0.8343340762022515,0.16566592379774847
01_Ultramarin_GA_45010.h5;14_Iron_red_GA_48600.h5,0.856,0.144,0.7882770232571109,0.2117229767428891
07_Peach_black_GA_12010.h5;15_Iron_oxide_GA_1675410.h5,0.775,0.225,0.777377775834144,0.22262222416585598
18_Egyptian_blue_GA_10060.h5;06_Ploss_blau_GA_10170.h5,0.829,0.171,0.8406600531804101,0.15933994681958985
18_Egyptian_blue_GA_10060.h5;11_Malachite_GA_1671144.h5,0.701,0.299,0.7295509405321412,0.2704490594678588
02_Ultramarin_GA_45080.h5;12_Malachite_GA_10300.h5,0.759,0.241,0.7894167259387956,0.21058327406120436
17_Green_earth_GA_17400.h5;05_Pure_rouge_GA_T3800250A.h5,0.835,0.165,0.8015497087275262,0.19845029127247382
01_Ultramarin_GA_45010.h5;14_Iron_red_GA_48600.h5,0.792,0.208,0.7990013326605351,0.20099866733946492
02_Ultramarin_GA_45080.h5;16_Indigo_GA_36009.h5,0.796,0.204,0.7672545853720274,0.2327454146279726
21_Titanium_white_GA_46200.h5;06_Ploss_blau_GA_10170.h5,0.853,0.147,0.7919374144743453,0.2080625855256547
06_Ploss_blau_GA_10170.h5;05_Pure_rouge_GA_T3800250A.h5,0.815,0.185,0.8296834118100803,0.17031658818991968
11_Malachite_GA_1671144.h5;18_Egyptian_blue_GA_10060.h5,0.851,0.149,0.852706805701954,0.147293194298046
13_Magnesite_GA_11900.h5;17_Green_earth_GA_17400.h5,0.774,0.226,0.7901830509697233,0.2098169490302767
20_Azurite_GA_10210.h5;18_Egyptian_blue_GA_10060.h5,0.747,0.253,0.7184970300071342,0.28150296999286584
16_Indigo_GA_36009.h5;09_Ocre_citron_GA_T2600200A.h5,0.774,0.226,0.7673937273989699,0.23260627260103006
09_Ocre_citron_GA_T2600200A.h5;11_Malachite_GA_1671144.h5,0.774,0.226,0.7691262311865736,0.23087376881342636
07_Peach_black_GA_12010.h5;02_Ultramarin_GA_45080.h5,0.73,0.27,0.7343430503984979,0.2656569496015021
12_Malachite_GA_10300.h5;06_Ploss_blau_GA_10170.h5,0.827,0.173,0.8238724906326301,0.17612750936736987
12_Malachite_GA_10300.h5;16_Indigo_GA_36009.h5,0.777,0.223,0.8181695376419293,0.18183046235807065
10_Malachite_GA_1674110.h5;19_Carmin_naccarat_GA_42100.h5,0.765,0.235,0.8138723678258964,0.18612763217410355
07_Peach_black_GA_12010.h5;10_Malachite_GA_1674110.h5,0.861,0.139,0.860952360451318,0.13904763954868204
05_Pure_rouge_GA_T3800250A.h5;16_Indigo_GA_36009.h5,0.846,0.154,0.8340785314283605,0.16592146857163947
08_Ocre_havane_GA_T2800200A.h5;02_Ultramarin_GA_45080.h5,0.722,0.278,0.78103412744768,0.21896587255232003
13_Magnesite_GA_11900.h5;17_Green_earth_GA_17400.h5,0.748,0.252,0.7653859555227726,0.23461404447722745
07_Peach_black_GA_12010.h5;14_Iron_red_GA_48600.h5,0.846,0.154,0.8427594306620723,0.15724056933792774
18_Egyptian_blue_GA_10060.h5;08_Ocre_havane_GA_T2800200A.h5,0.808,0.192,0.8049775259190529,0.19502247408094708
02_Ultramarin_GA_45080.h5;07_Peach_black_GA_12010.h5,0.767,0.233,0.7601052917902231,0.23989470820977687
11_Malachite_GA_1671144.h5;10_Malachite_GA_1674110.h5,0.869,0.131,0.8600636886626897,0.13993631133731033
01_Ultramarin_GA_45010.h5;12_Malachite_GA_10300.h5,0.837,0.163,0.7701515523256129,0.22984844767438706
02_Ultramarin_GA_45080.h5;05_Pure_rouge_GA_T3800250A.h5,0.786,0.214,0.8111152407846409,0.18888475921535908
11_Malachite_GA_1671144.h5;20_Azurite_GA_10210.h5,0.806,0.194,0.7896429065165202,0.21035709348347975
17_Green_earth_GA_17400.h5;11_Malachite_GA_1671144.h5,0.776,0.224,0.787566711785625,0.21243328821437502
11_Malachite_GA_1671144.h5;14_Iron_red_GA_48600.h5,0.829,0.171,0.8280518820931595,0.1719481179068405
15_Iron_oxide_GA_1675410.h5;07_Peach_black_GA_12010.h5,0.774,0.226,0.7949022733844003,0.20509772661559966
13_Magnesite_GA_11900.h5;08_Ocre_havane_GA_T2800200A.h5,0.9,0.1,0.8049449730444407,0.19505502695555932
01_Ultramarin_GA_45010.h5;04_Red_oxide_GA_48600.h5,0.875,0.125,0.8469691761596537,0.15303082384034628
11_Malachite_GA_1671144.h5;17_Green_earth_GA_17400.h5,0.86,0.14,0.857629996771629,0.142370003228371
04_Red_oxide_GA_48600.h5;03_Terre_ombre_GA_T07000250A.h5,0.827,0.173,0.8088959607751334,0.19110403922486663
09_Ocre_citron_GA_T2600200A.h5;05_Pure_rouge_GA_T3800250A.h5,0.808,0.192,0.8224251542683217,0.17757484573167825
16_Indigo_GA_36009.h5;01_Ultramarin_GA_45010.h5,0.748,0.252,0.7393016503386517,0.2606983496613483
19_Carmin_naccarat_GA_42100.h5;05_Pure_rouge_GA_T3800250A.h5,0.788,0.212,0.8080026496033018,0.19199735039669819
06_Ploss_blau_GA_10170.h5;18_Egyptian_blue_GA_10060.h5,0.796,0.204,0.8062380031986902,0.1937619968013098
20_Azurite_GA_10210.h5;10_Malachite_GA_1674110.h5,0.743,0.257,0.7849524307545707,0.21504756924542934
19_Carmin_naccarat_GA_42100.h5;20_Azurite_GA_10210.h5,0.852,0.148,0.8132911350656802,0.18670886493431982
06_Ploss_blau_GA_10170.h5;04_Red_oxide_GA_48600.h5,0.766,0.234,0.7550884306354029,0.24491156936459713
21_Titanium_white_GA_46200.h5;03_Terre_ombre_GA_T07000250A.h5,0.726,0.274,0.7934893698748728,0.20651063012512716
11_Malachite_GA_1671144.h5;12_Malachite_GA_10300.h5,0.718,0.282,0.7316248986606035,0.26837510133939646
21_Titanium_white_GA_46200.h5;06_Ploss_blau_GA_10170.h5,0.801,0.199,0.7793353116369843,0.22066468836301567
03_Terre_ombre_GA_T07000250A.h5;01_Ultramarin_GA_45010.h5,0.721,0.279,0.7181274358665,0.28187256413350004
12_Malachite_GA_10300.h5;02_Ultramarin_GA_45080.h5,0.833,0.167,0.8106013636406061,0.1893986363593939
13_Magnesite_GA_11900.h5;03_Terre_ombre_GA_T07000250A.h5,0.797,0.203,0.7808299999764566,0.21917000002354337
17_Green_earth_GA_17400.h5;07_Peach_black_GA_12010.h5,0.776,0.224,0.7670817167998706,0.23291828320012942
15_Iron_oxide_GA_1675410.h5;08_Ocre_havane_GA_T2800200A.h5,0.9,0.1,0.8163353541880063,0.1836646458119937
06_Ploss_blau_GA_10170.h5;14_Iron_red_GA_48600.h5,0.807,0.193,0.803605950214284,0.19639404978571595
03_Terre_ombre_GA_T07000250A.h5;21_Titanium_white_GA_46200.h5,0.831,0.169,0.8330567925140376,0.16694320748596236
16_Indigo_GA_36009.h5;20_Azurite_GA_10210.h5,0.8,0.2,0.8251993568198578,0.1748006431801422
02_Ultramarin_GA_45080.h5;12_Malachite_GA_10300.h5,0.866,0.134,0.816415078635577,0.18358492136442295
16_Indigo_GA_36009.h5;10_Malachite_GA_1674110.h5,0.859,0.141,0.878505405132392,0.12149459486760805
16_Indigo_GA_36009.h5;11_Malachite_GA_1671144.h5,0.754,0.246,0.7883271650843003,0.21167283491569966
09_Ocre_citron_GA_T2600200A.h5;06_Ploss_blau_GA_10170.h5,0.775,0.225,0.8123380518966552,0.1876619481033448
09_Ocre_citron_GA_T2600200A.h5;10_Malachite_GA_1674110.h5,0.842,0.158,0.8067489574461074,0.19325104255389258
05_Pure_rouge_GA_T3800250A.h5;02_Ultramarin_GA_45080.h5,0.719,0.281,0.7990124709278089,0.20098752907219108
06_Ploss_blau_GA_10170.h5;13_Magnesite_GA_11900.h5,0.9,0.1,0.9053590677772203,0.0946409322227797
14_Iron_red_GA_48600.h5;10_Malachite_GA_1674110.h5,0.757,0.243,0.7961042739818952,0.2038957260181048
01_Ultramarin_GA_45010.h5;04_Red_oxide_GA_48600.h5,0.764,0.236,0.7521029841887821,0.24789701581121792
21_Titanium_white_GA_46200.h5;03_Terre_ombre_GA_T07000250A.h5,0.741,0.259,0.7947294256538883,0.20527057434611173
21_Titanium_white_GA_46200.h5;04_Red_oxide_GA_48600.h5,0.9,0.1,0.8019806141169367,0.19801938588306334
08_Ocre_havane_GA_T2800200A.h5;21_Titanium_white_GA_46200.h5,0.74,0.26,0.7988094941358906,0.20119050586410936
14_Iron_red_GA_48600.h5;20_Azurite_GA_10210.h5,0.761,0.239,0.8174291399708922,0.18257086002910783
12_Malachite_GA_10300.h5;02_Ultramarin_GA_45080.h5,0.826,0.174,0.8208811193790967,0.1791188806209033
04_Red_oxide_GA_48600.h5;05_Pure_rouge_GA_T3800250A.h5,0.837,0.163,0.8314626151818458,0.16853738481815417
01_Ultramarin_GA_45010.h5;11_Malachite_GA_1671144.h5,0.771,0.229,0.7456586722388296,0.25434132776117035
14_Iron_red_GA_48600.h5;03_Terre_ombre_GA_T07000250A.h5,0.891,0.109,0.8792424290280798,0.12075757097192019
05_Pure_rouge_GA_T3800250A.h5;10_Malachite_GA_1674110.h5,0.813,0.187,0.8080458266093438,0.19195417339065624
17_Green_earth_GA_17400.h5;18_Egyptian_blue_GA_10060.h5,0.815,0.185,0.8155960460973666,0.18440395390263342
01_Ultramarin_GA_45010.h5;18_Egyptian_blue_GA_10060.h5,0.813,0.187,0.8342714453049322,0.16572855469506775
01_Ultramarin_GA_45010.h5;21_Titanium_white_GA_46200.h5,0.766,0.234,0.7990816752293042,0.20091832477069582
20_Azurite_GA_10210.h5;02_Ultramarin_GA_45080.h5,0.787,0.213,0.7357266040357879,0.26427339596421207
20_Azurite_GA_10210.h5;21_Titanium_white_GA_46200.h5,0.769,0.231,0.7877299965899451,0.21227000341005486
21_Titanium_white_GA_46200.h5;09_Ocre_citron_GA_T2600200A.h5,0.739,0.261,0.8192134938361672,0.18078650616383285
10_Malachite_GA_1674110.h5;12_Malachite_GA_10300.h5,0.725,0.275,0.7238808565576687,0.27611914344233135
07_Peach_black_GA_12010.h5;03_Terre_ombre_GA_T07000250A.h5,0.761,0.239,0.7583893071744293,0.24161069282557068
19_Carmin_naccarat_GA_42100.h5;04_Red_oxide_GA_48600.h5,0.806,0.194,0.8125077011297981,0.1874922988702019
06_Ploss_blau_GA_10170.h5;07_Peach_black_GA_12010.h5,0.813,0.187,0.810425163080527,0.18957483691947297
12_Malachite_GA_10300.h5;14_Iron_red_GA_48600.h5,0.88,0.12,0.8533782727724686,0.14662172722753142
17_Green_earth_GA_17400.h5;15_Iron_oxide_GA_1675410.h5,0.808,0.192,0.8023277871509719,0.19767221284902814
03_Terre_ombre_GA_T07000250A.h5;13_Magnesite_GA_11900.h5,0.824,0.176,0.8079811233577299,0.19201887664227013
11_Malachite_GA_1671144.h5;06_Ploss_blau_GA_10170.h5,0.802,0.198,0.8137297289152874,0.1862702710847126
13_Magnesite_GA_11900.h5;03_Terre_ombre_GA_T07000250A.h5,0.815,0.185,0.7771525829047574,0.22284741709524258
17_Green_earth_GA_17400.h5;21_Titanium_white_GA_46200.h5,0.819,0.181,0.7943985538440502,0.20560144615594977
04_Red_oxide_GA_48600.h5;05_Pure_rouge_GA_T3800250A.h5,0.7,0.3,0.764885439884662,0.23511456011533804
18_Egyptian_blue_GA_10060.h5;07_Peach_black_GA_12010.h5,0.854,0.146,0.8438078236301962,0.15619217636980376
20_Azurite_GA_10210.h5;16_Indigo_GA_36009.h5,0.791,0.209,0.8067165375733509,0.19328346242664907
10_Malachite_GA_1674110.h5;01_Ultramarin_GA_45010.h5,0.787,0.213,0.7977999962590859,0.20220000374091407
01_Ultramarin_GA_45010.h5;11_Malachite_GA_1671144.h5,0.842,0.158,0.8496375409913026,0.15036245900869738
15_Iron_oxide_GA_1675410.h5;16_Indigo_GA_36009.h5,0.825,0.175,0.7741517676649274,0.22584823233507256
10_Malachite_GA_1674110.h5;01_Ultramarin_GA_45010.h5,0.856,0.144,0.8382838606649855,0.1617161393350145
04_Red_oxide_GA_48600.h5;10_Malachite_GA_1674110.h5,0.791,0.209,0.7887187182369291,0.21128128176307093
10_Malachite_GA_1674110.h5;01_Ultramarin_GA_45010.h5,0.751,0.249,0.7668462206146767,0.23315377938532333
18_Egyptian_blue_GA_10060.h5;17_Green_earth_GA_17400.h5,0.899,0.101,0.8875689292900777,0.11243107070992231
06_Ploss_blau_GA_10170.h5;01_Ultramarin_GA_45010.h5,0.812,0.188,0.8198283286734344,0.18017167132656564
14_Iron_red_GA_48600.h5;21_Titanium_white_GA_46200.h5,0.805,0.195,0.7752296635149597,0.2247703364850403
08_Ocre_havane_GA_T2800200A.h5;17_Green_earth_GA_17400.h5,0.862,0.138,0.7833102378907285,0.2166897621092715
21_Titanium_white_GA_46200.h5;01_Ultramarin_GA_45010.h5,0.843,0.157,0.8199111059239295,0.18008889407607054
21_Titanium_white_GA_46200.h5;14_Iron_red_GA_48600.h5,0.873,0.127,0.8154710394365844,0.1845289605634156
15_Iron_oxide_GA_1675410.h5;09_Ocre_citron_GA_T2600200A.h5,0.807,0.193,0.804932487467131,0.19506751253286903
21_Titanium_white_GA_46200.h5;20_Azurite_GA_10210.h5,0.816,0.184,0.7918634998130539,0.20813650018694607
08_Ocre_havane_GA_T2800200A.h5;13_Magnesite_GA_11900.h5,0.839,0.161,0.8138605210070082,0.18613947899299177
04_Red_oxide_GA_48600.h5;17_Green_earth_GA_17400.h5,0.72,0.28,0.7311062775856212,0.2688937224143788
14_Iron_red_GA_48600.h5;04_Red_oxide_GA_48600.h5,0.88,0.12,0.8484448303675722,0.15155516963242777
12_Malachite_GA_10300.h5;20_Azurite_GA_10210.h5,0.775,0.225,0.7792617611515439,0.22073823884845611
20_Azurite_GA_10210.h5;02_Ultramarin_GA_45080.h5,0.749,0.251,0.7801925015474309,0.21980749845256908
09_Ocre_citron_GA_T2600200A.h5;10_Malachite_GA_1674110.h5,0.783,0.217,0.7974835146162917,0.20251648538370826
02_Ultramarin_GA_45080.h5;19_Carmin_naccarat_GA_42100.h5,0.841,0.159,0.825474150453103,0.17452584954689698
04_Red_oxide_GA_48600.h5;09_Ocre_citron_GA_T2600200A.h5,0.843,0.157,0.8743034883960221,0.12569651160397788
11_Malachite_GA_1671144.h5;20_Azurite_GA_10210.h5,0.785,0.215,0.7834505733338044,0.2165494266661956
21_Titanium_white_GA_46200.h5;13_Magnesite_GA_11900.h5,0.824,0.176,0.8277207817399308,0.1722792182600692
03_Terre_ombre_GA_T07000250A.h5;18_Egyptian_blue_GA_10060.h5,0.842,0.158,0.8628668039349281,0.1371331960650719
05_Pure_rouge_GA_T3800250A.h5;02_Ultramarin_GA_45080.h5,0.831,0.169,0.8214419896054049,0.17855801039459507
07_Peach_black_GA_12010.h5;04_Red_oxide_GA_48600.h5,0.841,0.159,0.8440096990854987,0.15599030091450128
05_Pure_rouge_GA_T3800250A.h5;09_Ocre_citron_GA_T2600200A.h5,0.768,0.232,0.7985448741640524,0.2014551258359476
01_Ultramarin_GA_45010.h5;18_Egyptian_blue_GA_10060.h5,0.701,0.299,0.7220859228553713,0.2779140771446287
19_Carmin_naccarat_GA_42100.h5;08_Ocre_havane_GA_T2800200A.h5,0.773,0.227,0.8128511828605671,0.18714881713943288
11_Malachite_GA_1671144.h5;18_Egyptian_blue_GA_10060.h5,0.848,0.152,0.8534839539508146,0.14651604604918544
08_Ocre_havane_GA_T2800200A.h5;09_Ocre_citron_GA_T2600200A.h5,0.723,0.277,0.8033197408044053,0.19668025919559473
05_Pure_rouge_GA_T3800250A.h5;10_Malachite_GA_1674110.h5,0.88,0.12,0.8226939579662438,0.17730604203375622
10_Malachite_GA_1674110.h5;12_Malachite_GA_10300.h5,0.812,0.188,0.8232070968219306,0.1767929031780694
15_Iron_oxide_GA_1675410.h5;20_Azurite_GA_10210.h5,0.85,0.15,0.8457069177432761,0.1542930822567239
04_Red_oxide_GA_48600.h5;16_Indigo_GA_36009.h5,0.786,0.214,0.7677690568063384,0.23223094319366155
10_Malachite_GA_1674110.h5;14_Iron_red_GA_48600.h5,0.827,0.173,0.8226283591428185,0.1773716408571815
06_Ploss_blau_GA_10170.h5;15_Iron_oxide_GA_1675410.h5,0.778,0.222,0.7869766435027368,0.21302335649726323
04_Red_oxide_GA_48600.h5;08_Ocre_havane_GA_T2800200A.h5,0.712,0.288,0.7932584638581873,0.20674153614181268
09_Ocre_citron_GA_T2600200A.h5;17_Green_earth_GA_17400.h5,0.739,0.261,0.7406117927960026,0.25938820720399736
02_Ultramarin_GA_45080.h5;09_Ocre_citron_GA_T2600200A.h5,0.823,0.177,0.7870092170646614,0.21299078293533857
16_Indigo_GA_36009.h5;17_Green_earth_GA_17400.h5,0.721,0.279,0.770084876102794,0.22991512389720603
14_Iron_red_GA_48600.h5;13_Magnesite_GA_11900.h5,0.746,0.254,0.7781630700879261,0.22183692991207393
06_Ploss_blau_GA_10170.h5;08_Ocre_havane_GA_T2800200A.h5,0.832,0.168,0.8565137795835739,0.1434862204164261
09_Ocre_citron_GA_T2600200A.h5;15_Iron_oxide_GA_1675410.h5,0.872,0.128,0.8097238823371737,0.19027611766282626
05_Pure_rouge_GA_T3800250A.h5;17_Green_earth_GA_17400.h5,0.857,0.143,0.8531048126054888,0.14689518739451124
18_Egyptian_blue_GA_10060.h5;02_Ultramarin_GA_45080.h5,0.787,0.213,0.8074503913538456,0.19254960864615445
05_Pure_rouge_GA_T3800250A.h5;09_Ocre_citron_GA_T2600200A.h5,0.7,0.3,0.7901633314258191,0.20983666857418093
20_Azurite_GA_10210.h5;13_Magnesite_GA_11900.h5,0.752,0.248,0.7540230757055163,0.2459769242944837
18_Egyptian_blue_GA_10060.h5;08_Ocre_havane_GA_T2800200A.h5,0.845,0.155,0.7622251806966855,0.23777481930331446
06_Ploss_blau_GA_10170.h5;19_Carmin_naccarat_GA_42100.h5,0.819,0.181,0.8268664686625492,0.1731335313374508
20_Azurite_GA_10210.h5;06_Ploss_blau_GA_10170.h5,0.758,0.242,0.7705368329347485,0.2294631670652515
13_Magnesite_GA_11900.h5;15_Iron_oxide_GA_1675410.h5,0.862,0.138,0.804815552385013,0.195184447614987
08_Ocre_havane_GA_T2800200A.h5;02_Ultramarin_GA_45080.h5,0.778,0.222,0.8011426157756376,0.1988573842243624
07_Peach_black_GA_12010.h5;18_Egyptian_blue_GA_10060.h5,0.712,0.288,0.713443830151085,0.28655616984891497
06_Ploss_blau_GA_10170.h5;11_Malachite_GA_1671144.h5,0.726,0.274,0.7226404412400977,0.27735955875990226
03_Terre_ombre_GA_T07000250A.h5;04_Red_oxide_GA_48600.h5,0.834,0.166,0.8311302348340216,0.1688697651659784
15_Iron_oxide_GA_1675410.h5;02_Ultramarin_GA_45080.h5,0.773,0.227,0.793757968430914,0.20624203156908605
14_Iron_red_GA_48600.h5;20_Azurite_GA_10210.h5,0.772,0.228,0.7694237694346787,0.23057623056532128
16_Indigo_GA_36009.h5;12_Malachite_GA_10300.h5,0.9,0.1,0.847040262538765,0.15295973746123503
01_Ultramarin_GA_45010.h5;19_Carmin_naccarat_GA_42100.h5,0.812,0.188,0.8410059099040376,0.15899409009596244
02_Ultramarin_GA_45080.h5;12_Malachite_GA_10300.h5,0.783,0.217,0.7981438222360204,0.20185617776397957
01_Ultramarin_GA_45010.h5;18_Egyptian_blue_GA_10060.h5,0.775,0.225,0.8197111779923903,0.18028882200760965
02_Ultramarin_GA_45080.h5;13_Magnesite_GA_11900.h5,0.9,0.1,0.8154503038596086,0.1845496961403914
01_Ultramarin_GA_45010.h5;18_Egyptian_blue_GA_10060.h5,0.9,0.1,0.8963038336498688,0.10369616635013124
05_Pure_rouge_GA_T3800250A.h5;16_Indigo_GA_36009.h5,0.804,0.196,0.8214908917629111,0.17850910823708888
08_Ocre_havane_GA_T2800200A.h5;18_Egyptian_blue_GA_10060.h5,0.828,0.172,0.776128574814245,0.22387142518575498
14_Iron_red_GA_48600.h5;10_Malachite_GA_1674110.h5,0.847,0.153,0.8463229726096192,0.1536770273903808
04_Red_oxide_GA_48600.h5;20_Azurite_GA_10210.h5,0.824,0.176,0.8742639215236042,0.12573607847639579
06_Ploss_blau_GA_10170.h5;11_Malachite_GA_1671144.h5,0.799,0.201,0.7960979818611522,0.20390201813884778
04_Red_oxide_GA_48600.h5;08_Ocre_havane_GA_T2800200A.h5,0.822,0.178,0.7911247728339006,0.2088752271660994
11_Malachite_GA_1671144.h5;18_Egyptian_blue_GA_10060.h5,0.767,0.233,0.7779480588367252,0.22205194116327476
16_Indigo_GA_36009.h5;05_Pure_rouge_GA_T3800250A.h5,0.76,0.24,0.7944252353541332,0.20557476464586677
07_Peach_black_GA_12010.h5;11_Malachite_GA_1671144.h5,0.81,0.19,0.812359235522797,0.18764076447720301
06_Ploss_blau_GA_10170.h5;19_Carmin_naccarat_GA_42100.h5,0.806,0.194,0.8089363829491311,0.19106361705086894
03_Terre_ombre_GA_T07000250A.h5;06_Ploss_blau_GA_10170.h5,0.8,0.2,0.8030397554066784,0.19696024459332162
03_Terre_ombre_GA_T07000250A.h5;05_Pure_rouge_GA_T3800250A.h5,0.801,0.199,0.7995688331610622,0.2004311668389378
13_Magnesite_GA_11900.h5;16_Indigo_GA_36009.h5,0.803,0.197,0.8168847529617156,0.1831152470382844
04_Red_oxide_GA_48600.h5;09_Ocre_citron_GA_T2600200A.h5,0.804,0.196,0.817917475911274,0.18208252408872605
19_Carmin_naccarat_GA_42100.h5;13_Magnesite_GA_11900.h5,0.836,0.164,0.790618672736387,0.20938132726361303
03_Terre_ombre_GA_T07000250A.h5;06_Ploss_blau_GA_10170.h5,0.783,0.217,0.7812867432042676,0.2187132567957324
04_Red_oxide_GA_48600.h5;07_Peach_black_GA_12010.h5,0.81,0.19,0.787275899852578,0.21272410014742205
01_Ultramarin_GA_45010.h5;04_Red_oxide_GA_48600.h5,0.858,0.142,0.8610085628201908,0.13899143717980922
16_Indigo_GA_36009.h5;20_Azurite_GA_10210.h5,0.836,0.164,0.8380268247576154,0.16197317524238464
15_Iron_oxide_GA_1675410.h5;04_Red_oxide_GA_48600.h5,0.797,0.203,0.8138618268593061,0.18613817314069392
12_Malachite_GA_10300.h5;15_Iron_oxide_GA_1675410.h5,0.831,0.169,0.8127312597338328,0.18726874026616724
09_Ocre_citron_GA_T2600200A.h5;11_Malachite_GA_1671144.h5,0.9,0.1,0.837884729170683,0.16211527082931698
16_Indigo_GA_36009.h5;08_Ocre_havane_GA_T2800200A.h5,0.826,0.174,0.7923277690452352,0.20767223095476484
12_Malachite_GA_10300.h5;18_Egyptian_blue_GA_10060.h5,0.845,0.155,0.8120910201930884,0.18790897980691157
04_Red_oxide_GA_48600.h5;07_Peach_black_GA_12010.h5,0.799,0.201,0.795512581208662,0.20448741879133803
06_Ploss_blau_GA_10170.h5;03_Terre_ombre_GA_T07000250A.h5,0.755,0.245,0.7439010469050801,0.2560989530949199
14_Iron_red_GA_48600.h5;05_Pure_rouge_GA_T3800250A.h5,0.817,0.183,0.7987655793708205,0.2012344206291795
19_Carmin_naccarat_GA_42100.h5;03_Terre_ombre_GA_T07000250A.h5,0.7,0.3,0.7159443909544119,0.28405560904558813
17_Green_earth_GA_17400.h5;04_Red_oxide_GA_48600.h5,0.803,0.197,0.8247361761970384,0.17526382380296157
06_Ploss_blau_GA_10170.h5;11_Malachite_GA_1671144.h5,0.781,0.219,0.7774746507758163,0.22252534922418366
12_Malachite_GA_10300.h5;04_Red_oxide_GA_48600.h5,0.813,0.187,0.8417390478878969,0.15826095211210311
17_Green_earth_GA_17400.h5;13_Magnesite_GA_11900.h5,0.744,0.256,0.7276102628862104,0.27238973711378955
09_Ocre_citron_GA_T2600200A.h5;11_Malachite_GA_1671144.h5,0.837,0.163,0.7963890070366064,0.20361099296339358
20_Azurite_GA_10210.h5;21_Titanium_white_GA_46200.h5,0.714,0.286,0.7500694496614841,0.24993055033851586
03_Terre_ombre_GA_T07000250A.h5;07_Peach_black_GA_12010.h5,0.839,0.161,0.8287679417786888,0.17123205822131116
10_Malachite_GA_1674110.h5;06_Ploss_blau_GA_10170.h5,0.847,0.153,0.8410329973647577,0.15896700263524233
07_Peach_black_GA_12010.h5;18_Egyptian_blue_GA_10060.h5,0.9,0.1,0.8936696148726331,0.10633038512736692
03_Terre_ombre_GA_T07000250A.h5;20_Azurite_GA_10210.h5,0.9,0.1,0.8984226146442368,0.10157738535576322
13_Magnesite_GA_11900.h5;03_Terre_ombre_GA_T07000250A.h5,0.716,0.284,0.7687431648772941,0.2312568351227059
08_Ocre_havane_GA_T2800200A.h5;03_Terre_ombre_GA_T07000250A.h5,0.831,0.169,0.7856579053566124,0.2143420946433876
04_Red_oxide_GA_48600.h5;20_Azurite_GA_10210.h5,0.798,0.202,0.8120389869489155,0.18796101305108448
07_Peach_black_GA_12010.h5;06_Ploss_blau_GA_10170.h5,0.7,0.3,0.7026721072682475,0.29732789273175253
01_Ultramarin_GA_45010.h5;07_Peach_black_GA_12010.h5,0.7,0.3,0.7026419952864902,0.2973580047135098
13_Magnesite_GA_11900.h5;03_Terre_ombre_GA_T07000250A.h5,0.826,0.174,0.8070392112321301,0.19296078876786993
14_Iron_red_GA_48600.h5;21_Titanium_white_GA_46200.h5,0.865,0.135,0.8605282319592198,0.1394717680407802
12_Malachite_GA_10300.h5;20_Azurite_GA_10210.h5,0.842,0.158,0.8175099036340319,0.18249009636596814
10_Malachite_GA_1674110.h5;08_Ocre_havane_GA_T2800200A.h5,0.715,0.285,0.7864797322985777,0.2135202677014223
11_Malachite_GA_1671144.h5;20_Azurite_GA_10210.h5,0.751,0.249,0.7304028803770453,0.26959711962295474
01_Ultramarin_GA_45010.h5;10_Malachite_GA_1674110.h5,0.71,0.29,0.6884778992226296,0.3115221007773704
13_Magnesite_GA_11900.h5;14_Iron_red_GA_48600.h5,0.807,0.193,0.7891132452203243,0.21088675477967567
20_Azurite_GA_10210.h5;14_Iron_red_GA_48600.h5,0.801,0.199,0.8238143396154345,0.1761856603845655
07_Peach_black_GA_12010.h5;09_Ocre_citron_GA_T2600200A.h5,0.873,0.127,0.8750413296438266,0.12495867035617336
08_Ocre_havane_GA_T2800200A.h5;17_Green_earth_GA_17400.h5,0.827,0.173,0.7678485268077675,0.2321514731922325
10_Malachite_GA_1674110.h5;19_Carmin_naccarat_GA_42100.h5,0.773,0.227,0.8089059743273003,0.19109402567269973
14_Iron_red_GA_48600.h5;02_Ultramarin_GA_45080.h5,0.875,0.125,0.843913813479536,0.15608618652046402
20_Azurite_GA_10210.h5;08_Ocre_havane_GA_T2800200A.h5,0.817,0.183,0.8113446922817523,0.18865530771824768
04_Red_oxide_GA_48600.h5;20_Azurite_GA_10210.h5,0.83,0.17,0.8317353442759896,0.1682646557240104
02_Ultramarin_GA_45080.h5;05_Pure_rouge_GA_T3800250A.h5,0.722,0.278,0.8146840442059468,0.18531595579405324
16_Indigo_GA_36009.h5;08_Ocre_havane_GA_T2800200A.h5,0.839,0.161,0.8551319572803803,0.14486804271961973
07_Peach_black_GA_12010.h5;10_Malachite_GA_1674110.h5,0.779,0.221,0.7772638421429825,0.2227361578570175
05_Pure_rouge_GA_T3800250A.h5;01_Ultramarin_GA_45010.h5,0.82,0.18,0.8043177613405107,0.1956822386594893
13_Magnesite_GA_11900.h5;17_Green_earth_GA_17400.h5,0.829,0.171,0.8154823637768457,0.1845176362231543
21_Titanium_white_GA_46200.h5;12_Malachite_GA_10300.h5,0.799,0.201,0.771114547720206,0.22888545227979396
02_Ultramarin_GA_45080.h5;12_Malachite_GA_10300.h5,0.743,0.257,0.7769159678793418,0.2230840321206582
02_Ultramarin_GA_45080.h5;06_Ploss_blau_GA_10170.h5,0.848,0.152,0.8193476223616012,0.1806523776383988
07_Peach_black_GA_12010.h5;14_Iron_red_GA_48600.h5,0.9,0.1,0.899142999150011,0.10085700084998905
10_Malachite_GA_1674110.h5;20_Azurite_GA_10210.h5,0.792,0.208,0.7952376363062242,0.20476236369377576
15_Iron_oxide_GA_1675410.h5;17_Green_earth_GA_17400.h5,0.814,0.186,0.8056808167935501,0.19431918320644992
07_Peach_black_GA_12010.h5;12_Malachite_GA_10300.h5,0.763,0.237,0.7589424399323467,0.24105756006765333
11_Malachite_GA_1671144.h5;12_Malachite_GA_10300.h5,0.798,0.202,0.8005522812750641,0.19944771872493594
04_Red_oxide_GA_48600.h5;12_Malachite_GA_10300.h5,0.869,0.131,0.8237821094812681,0.17621789051873193
14_Iron_red_GA_48600.h5;08_Ocre_havane_GA_T2800200A.h5,0.82,0.18,0.8556108573945207,0.1443891426054793
15_Iron_oxide_GA_1675410.h5;03_Terre_ombre_GA_T07000250A.h5,0.778,0.222,0.8004449110603535,0.19955508893964646
12_Malachite_GA_10300.h5;16_Indigo_GA_36009.h5,0.804,0.196,0.7765124628722767,0.2234875371277233
17_Green_earth_GA_17400.h5;03_Terre_ombre_GA_T07000250A.h5,0.73,0.27,0.7236530733054043,0.2763469266945957
04_Red_oxide_GA_48600.h5;06_Ploss_blau_GA_10170.h5,0.85,0.15,0.8445343700818776,0.1554656299181224
01_Ultramarin_GA_45010.h5;18_Egyptian_blue_GA_10060.h5,0.752,0.248,0.7420329204711305,0.25796707952886955
10_Malachite_GA_1674110.h5;03_Terre_ombre_GA_T07000250A.h5,0.863,0.137,0.8624371023541639,0.13756289764583607
11_Malachite_GA_1671144.h5;14_Iron_red_GA_48600.h5,0.798,0.202,0.8066450573828059,0.1933549426171941
14_Iron_red_GA_48600.h5;01_Ultramarin_GA_45010.h5,0.88,0.12,0.8302017352451001,0.1697982647548999
06_Ploss_blau_GA_10170.h5;07_Peach_black_GA_12010.h5,0.7,0.3,0.7016152524117587,0.2983847475882413
09_Ocre_citron_GA_T2600200A.h5;07_Peach_black_GA_12010.h5,0.735,0.265,0.7846694983383784,0.2153305016616216
03_Terre_ombre_GA_T07000250A.h5;12_Malachite_GA_10300.h5,0.798,0.202,0.7880679248788176,0.2119320751211824
07_Peach_black_GA_12010.h5;17_Green_earth_GA_17400.h5,0.793,0.207,0.7923088851583672,0.20769111484163283
15_Iron_oxide_GA_1675410.h5;10_Malachite_GA_1674110.h5,0.874,0.126,0.8054813508503655,0.19451864914963446
07_Peach_black_GA_12010.h5;13_Magnesite_GA_11900.h5,0.866,0.134,0.8656821130174478,0.1343178869825522
02_Ultramarin_GA_45080.h5;12_Malachite_GA_10300.h5,0.848,0.152,0.7885043471813274,0.21149565281867255
06_Ploss_blau_GA_10170.h5;10_Malachite_GA_1674110.h5,0.783,0.217,0.7850221550473648,0.21497784495263517
13_Magnesite_GA_11900.h5;05_Pure_rouge_GA_T3800250A.h5,0.828,0.172,0.8076835553257039,0.1923164446742961
04_Red_oxide_GA_48600.h5;18_Egyptian_blue_GA_10060.h5,0.831,0.169,0.814953208017033,0.18504679198296703
19_Carmin_naccarat_GA_42100.h5;04_Red_oxide_GA_48600.h5,0.86,0.14,0.8198553411621903,0.18014465883780972
18_Egyptian_blue_GA_10060.h5;03_Terre_ombre_GA_T07000250A.h5,0.829,0.171,0.7975193065434776,0.20248069345652242
01_Ultramarin_GA_45010.h5;10_Malachite_GA_1674110.h5,0.795,0.205,0.8202315321344839,0.17976846786551615
11_Malachite_GA_1671144.h5;16_Indigo_GA_36009.h5,0.814,0.186,0.8070836550427016,0.19291634495729837
02_Ultramarin_GA_45080.h5;07_Peach_black_GA_12010.h5,0.734,0.266,0.7570214443535215,0.24297855564647852
19_Carmin_naccarat_GA_42100.h5;09_Ocre_citron_GA_T2600200A.h5,0.84,0.16,0.785103606476248,0.214896393523752
15_Iron_oxide_GA_1675410.h5;20_Azurite_GA_10210.h5,0.843,0.157,0.7906033273944771,0.20939667260552286
10_Malachite_GA_1674110.h5;12_Malachite_GA_10300.h5,0.782,0.218,0.7896187498856677,0.21038125011433229
21_Titanium_white_GA_46200.h5;18_Egyptian_blue_GA_10060.h5,0.747,0.253,0.7772626988972098,0.22273730110279022
09_Ocre_citron_GA_T2600200A.h5;13_Magnesite_GA_11900.h5,0.792,0.208,0.8126913037960958,0.18730869620390422
12_Malachite_GA_10300.h5;21_Titanium_white_GA_46200.h5,0.807,0.193,0.8156513540209078,0.18434864597909217
09_Ocre_citron_GA_T2600200A.h5;13_Magnesite_GA_11900.h5,0.709,0.291,0.7915200840283587,0.20847991597164128
01_Ultramarin_GA_45010.h5;02_Ultramarin_GA_45080.h5,0.743,0.257,0.813391141419644,0.18660885858035603
17_Green_earth_GA_17400.h5;21_Titanium_white_GA_46200.h5,0.805,0.195,0.7952970942658028,0.20470290573419725
05_Pure_rouge_GA_T3800250A.h5;15_Iron_oxide_GA_1675410.h5,0.9,0.1,0.8934168987498825,0.1065831012501175
03_Terre_ombre_GA_T07000250A.h5;18_Egyptian_blue_GA_10060.h5,0.83,0.17,0.8318669859054297,0.16813301409457027
17_Green_earth_GA_17400.h5;03_Terre_ombre_GA_T07000250A.h5,0.755,0.245,0.765829772064418,0.23417022793558195
10_Malachite_GA_1674110.h5;20_Azurite_GA_10210.h5,0.793,0.207,0.7794490442260088,0.2205509557739912
09_Ocre_citron_GA_T2600200A.h5;10_Malachite_GA_1674110.h5,0.812,0.188,0.8296644177136546,0.17033558228634538
15_Iron_oxide_GA_1675410.h5;02_Ultramarin_GA_45080.h5,0.865,0.135,0.8090596222166158,0.19094037778338424
02_Ultramarin_GA_45080.h5;10_Malachite_GA_1674110.h5,0.82,0.18,0.8464097488427613,0.15359025115723868
18_Egyptian_blue_GA_10060.h5;10_Malachite_GA_1674110.h5,0.787,0.213,0.78052425812083,0.21947574187916996
09_Ocre_citron_GA_T2600200A.h5;16_Indigo_GA_36009.h5,0.873,0.127,0.8169908480151425,0.18300915198485745
07_Peach_black_GA_12010.h5;03_Terre_ombre_GA_T07000250A.h5,0.779,0.221,0.7798425793880176,0.2201574206119824
19_Carmin_naccarat_GA_42100.h5;07_Peach_black_GA_12010.h5,0.819,0.181,0.86028906324859,0.13971093675141
03_Terre_ombre_GA_T07000250A.h5;21_Titanium_white_GA_46200.h5,0.742,0.258,0.777179562235375,0.222820437764625
20_Azurite_GA_10210.h5;09_Ocre_citron_GA_T2600200A.h5,0.709,0.291,0.7409368041225437,0.2590631958774563
12_Malachite_GA_10300.h5;11_Malachite_GA_1671144.h5,0.85,0.15,0.8391166036298144,0.16088339637018556
09_Ocre_citron_GA_T2600200A.h5;17_Green_earth_GA_17400.h5,0.783,0.217,0.7564688394709271,0.24353116052907287
10_Malachite_GA_1674110.h5;19_Carmin_naccarat_GA_42100.h5,0.831,0.169,0.8374959369723535,0.16250406302764653
19_Carmin_naccarat_GA_42100.h5;17_Green_earth_GA_17400.h5,0.777,0.223,0.7590093559282137,0.24099064407178628
04_Red_oxide_GA_48600.h5;06_Ploss_blau_GA_10170.h5,0.707,0.293,0.7301369622816521,0.26986303771834785
16_Indigo_GA_36009.h5;21_Titanium_white_GA_46200.h5,0.827,0.173,0.8035941861426887,0.19640581385731126
04_Red_oxide_GA_48600.h5;19_Carmin_naccarat_GA_42100.h5,0.875,0.125,0.880325930850852,0.11967406914914802
17_Green_earth_GA_17400.h5;16_Indigo_GA_36009.h5,0.9,0.1,0.8773137169506546,0.12268628304934537
05_Pure_rouge_GA_T3800250A.h5;17_Green_earth_GA_17400.h5,0.823,0.177,0.8404952729138705,0.1595047270861295
08_Ocre_havane_GA_T2800200A.h5;13_Magnesite_GA_11900.h5,0.825,0.175,0.8179197247460136,0.1820802752539864
02_Ultramarin_GA_45080.h5;14_Iron_red_GA_48600.h5,0.857,0.143,0.8004897995369665,0.19951020046303347
15_Iron_oxide_GA_1675410.h5;08_Ocre_havane_GA_T2800200A.h5,0.793,0.207,0.7972128836037634,0.2027871163962366
20_Azurite_GA_10210.h5;15_Iron_oxide_GA_1675410.h5,0.751,0.249,0.7839655812076359,0.21603441879236407
01_Ultramarin_GA_45010.h5;03_Terre_ombre_GA_T07000250A.h5,0.796,0.204,0.76164838717778,0.23835161282221995
10_Malachite_GA_1674110.h5;15_Iron_oxide_GA_1675410.h5,0.777,0.223,0.7940006203930353,0.20599937960696468
12_Malachite_GA_10300.h5;17_Green_earth_GA_17400.h5,0.832,0.168,0.8440032161915417,0.15599678380845827
10_Malachite_GA_1674110.h5;06_Ploss_blau_GA_10170.h5,0.848,0.152,0.8510865873989778,0.1489134126010222
07_Peach_black_GA_12010.h5;03_Terre_ombre_GA_T07000250A.h5,0.846,0.154,0.8453580314812836,0.15464196851871637
04_Red_oxide_GA_48600.h5;02_Ultramarin_GA_45080.h5,0.72,0.28,0.7875168698476787,0.21248313015232134
15_Iron_oxide_GA_1675410.h5;06_Ploss_blau_GA_10170.h5,0.744,0.256,0.7635992875518679,0.2364007124481321
18_Egyptian_blue_GA_10060.h5;06_Ploss_blau_GA_10170.h5,0.729,0.271,0.7682724545382994,0.2317275454617006
14_Iron_red_GA_48600.h5;09_Ocre_citron_GA_T2600200A.h5,0.861,0.139,0.8333043539090423,0.16669564609095766
03_Terre_ombre_GA_T07000250A.h5;17_Green_earth_GA_17400.h5,0.727,0.273,0.7057742992139353,0.2942257007860647
18_Egyptian_blue_GA_10060.h5;06_Ploss_blau_GA_10170.h5,0.74,0.26,0.735433320343926,0.26456667965607406
17_Green_earth_GA_17400.h5;14_Iron_red_GA_48600.h5,0.782,0.218,0.7663421788797904,0.2336578211202096
04_Red_oxide_GA_48600.h5;06_Ploss_blau_GA_10170.h5,0.746,0.254,0.773158692284067,0.22684130771593303
02_Ultramarin_GA_45080.h5;10_Malachite_GA_1674110.h5,0.826,0.174,0.8244465370383217,0.17555346296167829
17_Green_earth_GA_17400.h5;08_Ocre_havane_GA_T2800200A.h5,0.807,0.193,0.7603444384243545,0.2396555615756455
08_Ocre_havane_GA_T2800200A.h5;21_Titanium_white_GA_46200.h5,0.776,0.224,0.7962670472864307,0.20373295271356928
01_Ultramarin_GA_45010.h5;13_Magnesite_GA_11900.h5,0.854,0.146,0.7955799230787737,0.20442007692122632
16_Indigo_GA_36009.h5;13_Magnesite_GA_11900.h5,0.856,0.144,0.7973499430446774,0.20265005695532257
12_Malachite_GA_10300.h5;13_Magnesite_GA_11900.h5,0.801,0.199,0.8094836531720082,0.1905163468279918
08_Ocre_havane_GA_T2800200A.h5;16_Indigo_GA_36009.h5,0.871,0.129,0.7964392377494769,0.2035607622505231
04_Red_oxide_GA_48600.h5;10_Malachite_GA_1674110.h5,0.825,0.175,0.8169028230609026,0.18309717693909744
17_Green_earth_GA_17400.h5;15_Iron_oxide_GA_1675410.h5,0.731,0.269,0.7653766972515224,0.23462330274847765
05_Pure_rouge_GA_T3800250A.h5;21_Titanium_white_GA_46200.h5,0.851,0.149,0.799033562891154,0.20096643710884599
10_Malachite_GA_1674110.h5;16_Indigo_GA_36009.h5,0.755,0.245,0.7745339204548748,0.2254660795451252
07_Peach_black_GA_12010.h5;08_Ocre_havane_GA_T2800200A.h5,0.841,0.159,0.8427544912457161,0.1572455087542839
16_Indigo_GA_36009.h5;08_Ocre_havane_GA_T2800200A.h5,0.731,0.269,0.7932857145746969,0.20671428542530312
18_Egyptian_blue_GA_10060.h5;12_Malachite_GA_10300.h5,0.832,0.168,0.8220767976323908,0.17792320236760917
05_Pure_rouge_GA_T3800250A.h5;06_Ploss_blau_GA_10170.h5,0.821,0.179,0.8051391612266146,0.19486083877338545
01_Ultramarin_GA_45010.h5;16_Indigo_GA_36009.h5,0.75,0.25,0.7571248266441151,0.24287517335588493
03_Terre_ombre_GA_T07000250A.h5;14_Iron_red_GA_48600.h5,0.829,0.171,0.8250918318985034,0.17490816810149656
18_Egyptian_blue_GA_10060.h5;17_Green_earth_GA_17400.h5,0.7,0.3,0.7001695943435714,0.2998304056564286
15_Iron_oxide_GA_1675410.h5;09_Ocre_citron_GA_T2600200A.h5,0.806,0.194,0.8241364743728299,0.17586352562717011
21_Titanium_white_GA_46200.h5;08_Ocre_havane_GA_T2800200A.h5,0.798,0.202,0.8061827960294417,0.19381720397055835
20_Azurite_GA_10210.h5;09_Ocre_citron_GA_T2600200A.h5,0.745,0.255,0.728318436751024,0.27168156324897597
10_Malachite_GA_1674110.h5;15_Iron_oxide_GA_1675410.h5,0.734,0.266,0.7500632968068713,0.24993670319312866
03_Terre_ombre_GA_T07000250A.h5;13_Magnesite_GA_11900.h5,0.839,0.161,0.8464824773198887,0.15351752268011132
16_Indigo_GA_36009.h5;01_Ultramarin_GA_45010.h5,0.766,0.234,0.7534065734502314,0.24659342654976857
04_Red_oxide_GA_48600.h5;11_Malachite_GA_1671144.h5,0.786,0.214,0.7832114802697971,0.21678851973020286
03_Terre_ombre_GA_T07000250A.h5;01_Ultramarin_GA_45010.h5,0.72,0.28,0.7413666552277487,0.2586333447722513
20_Azurite_GA_10210.h5;19_Carmin_naccarat_GA_42100.h5,0.766,0.234,0.7749706050554456,0.22502939494455443
18_Egyptian_blue_GA_10060.h5;16_Indigo_GA_36009.h5,0.827,0.173,0.8229788372149835,0.17702116278501645
16_Indigo_GA_36009.h5;07_Peach_black_GA_12010.h5,0.858,0.142,0.8502932425768669,0.1497067574231331
21_Titanium_white_GA_46200.h5;08_Ocre_havane_GA_T2800200A.h5,0.743,0.257,0.7936974481089403,0.20630255189105973
14_Iron_red_GA_48600.h5;07_Peach_black_GA_12010.h5,0.784,0.216,0.8391928725904658,0.16080712740953418
10_Malachite_GA_1674110.h5;08_Ocre_havane_GA_T2800200A.h5,0.815,0.185,0.8290167806344735,0.17098321936552652
17_Green_earth_GA_17400.h5;05_Pure_rouge_GA_T3800250A.h5,0.786,0.214,0.8046354380110723,0.1953645619889277
10_Malachite_GA_1674110.h5;04_Red_oxide_GA_48600.h5,0.835,0.165,0.8351309042454775,0.16486909575452247
05_Pure_rouge_GA_T3800250A.h5;19_Carmin_naccarat_GA_42100.h5,0.845,0.155,0.8472742908825864,0.15272570911741357
13_Magnesite_GA_11900.h5;20_Azurite_GA_10210.h5,0.836,0.164,0.8087566995267039,0.19124330047329607
19_Carmin_naccarat_GA_42100.h5;20_Azurite_GA_10210.h5,0.821,0.179,0.8245330542854679,0.17546694571453214
20_Azurite_GA_10210.h5;07_Peach_black_GA_12010.h5,0.778,0.222,0.7792024860321762,0.22079751396782377
08_Ocre_havane_GA_T2800200A.h5;21_Titanium_white_GA_46200.h5,0.757,0.243,0.7995888592083918,0.20041114079160816
07_Peach_black_GA_12010.h5;13_Magnesite_GA_11900.h5,0.722,0.278,0.7137946038274523,0.2862053961725477
06_Ploss_blau_GA_10170.h5;13_Magnesite_GA_11900.h5,0.891,0.109,0.8715791971938724,0.12842080280612755
10_Malachite_GA_1674110.h5;20_Azurite_GA_10210.h5,0.82,0.18,0.811479210856547,0.18852078914345305
13_Magnesite_GA_11900.h5;17_Green_earth_GA_17400.h5,0.783,0.217,0.7946952525063081,0.20530474749369187
02_Ultramarin_GA_45080.h5;04_Red_oxide_GA_48600.h5,0.726,0.274,0.7829737293867342,0.21702627061326585
06_Ploss_blau_GA_10170.h5;02_Ultramarin_GA_45080.h5,0.863,0.137,0.8561145557998153,0.14388544420018468
07_Peach_black_GA_12010.h5;04_Red_oxide_GA_48600.h5,0.8,0.2,0.7917764831608014,0.2082235168391986
08_Ocre_havane_GA_T2800200A.h5;01_Ultramarin_GA_45010.h5,0.788,0.212,0.8183587170522717,0.1816412829477283
19_Carmin_naccarat_GA_42100.h5;18_Egyptian_blue_GA_10060.h5,0.731,0.269,0.7814837806387233,0.21851621936127674
15_Iron_oxide_GA_1675410.h5;19_Carmin_naccarat_GA_42100.h5,0.753,0.247,0.7716357420298589,0.22836425797014115
17_Green_earth_GA_17400.h5;06_Ploss_blau_GA_10170.h5,0.732,0.268,0.7372963892495928,0.26270361075040716
12_Malachite_GA_10300.h5;15_Iron_oxide_GA_1675410.h5,0.794,0.206,0.7910156878046525,0.20898431219534752
18_Egyptian_blue_GA_10060.h5;13_Magnesite_GA_11900.h5,0.815,0.185,0.8220062386917434,0.17799376130825662
03_Terre_ombre_GA_T07000250A.h5;09_Ocre_citron_GA_T2600200A.h5,0.796,0.204,0.7847819917490115,0.21521800825098847
16_Indigo_GA_36009.h5;08_Ocre_havane_GA_T2800200A.h5,0.878,0.122,0.8567999964120188,0.14320000358798124
06_Ploss_blau_GA_10170.h5;12_Malachite_GA_10300.h5,0.807,0.193,0.803430708958914,0.196569291041086
20_Azurite_GA_10210.h5;04_Red_oxide_GA_48600.h5,0.81,0.19,0.7745135861826035,0.22548641381739654
05_Pure_rouge_GA_T3800250A.h5;13_Magnesite_GA_11900.h5,0.845,0.155,0.8049585616671402,0.1950414383328598
03_Terre_ombre_GA_T07000250A.h5;10_Malachite_GA_1674110.h5,0.841,0.159,0.8483886416311064,0.1516113583688936
13_Magnesite_GA_11900.h5;03_Terre_ombre_GA_T07000250A.h5,0.806,0.194,0.7961016418516929,0.20389835814830715
09_Ocre_citron_GA_T2600200A.h5;03_Terre_ombre_GA_T07000250A.h5,0.802,0.198,0.7851460630475213,0.21485393695247867
13_Magnesite_GA_11900.h5;20_Azurite_GA_10210.h5,0.799,0.201,0.7837792423289364,0.21622075767106363
03_Terre_ombre_GA_T07000250A.h5;14_Iron_red_GA_48600.h5,0.791,0.209,0.8095695107908291,0.19043048920917094
02_Ultramarin_GA_45080.h5;04_Red_oxide_GA_48600.h5,0.83,0.17,0.7860058496219025,0.21399415037809755
10_Malachite_GA_1674110.h5;08_Ocre_havane_GA_T2800200A.h5,0.83,0.17,0.7636671945288078,0.23633280547119218
19_Carmin_naccarat_GA_42100.h5;15_Iron_oxide_GA_1675410.h5,0.829,0.171,0.803173635403894,0.19682636459610603
10_Malachite_GA_1674110.h5;04_Red_oxide_GA_48600.h5,0.821,0.179,0.8022880700450036,0.19771192995499642
15_Iron_oxide_GA_1675410.h5;20_Azurite_GA_10210.h5,0.741,0.259,0.8111293333605419,0.18887066663945806
15_Iron_oxide_GA_1675410.h5;11_Malachite_GA_1671144.h5,0.886,0.114,0.8095331508478502,0.19046684915214984
15_Iron_oxide_GA_1675410.h5;14_Iron_red_GA_48600.h5,0.872,0.128,0.8216633041900964,0.17833669580990363
19_Carmin_naccarat_GA_42100.h5;21_Titanium_white_GA_46200.h5,0.806,0.194,0.7875109803435895,0.21248901965641054
04_Red_oxide_GA_48600.h5;03_Terre_ombre_GA_T07000250A.h5,0.787,0.213,0.7411199732990383,0.25888002670096166
19_Carmin_naccarat_GA_42100.h5;07_Peach_black_GA_12010.h5,0.763,0.237,0.8087010944763062,0.19129890552369377
11_Malachite_GA_1671144.h5;20_Azurite_GA_10210.h5,0.784,0.216,0.7797348755507321,0.22026512444926793
06_Ploss_blau_GA_10170.h5;03_Terre_ombre_GA_T07000250A.h5,0.839,0.161,0.8532683137142941,0.14673168628570588
03_Terre_ombre_GA_T07000250A.h5;02_Ultramarin_GA_45080.h5,0.788,0.212,0.7937097028978009,0.20629029710219915
16_Indigo_GA_36009.h5;15_Iron_oxide_GA_1675410.h5,0.741,0.259,0.7773156996003526,0.22268430039964737
06_Ploss_blau_GA_10170.h5;20_Azurite_GA_10210.h5,0.842,0.158,0.8432323523259707,0.1567676476740293
17_Green_earth_GA_17400.h5;08_Ocre_havane_GA_T2800200A.h5,0.833,0.167,0.8185587820510485,0.18144121794895152
21_Titanium_white_GA_46200.h5;19_Carmin_naccarat_GA_42100.h5,0.739,0.261,0.7748133412942044,0.22518665870579557
19_Carmin_naccarat_GA_42100.h5;09_Ocre_citron_GA_T2600200A.h5,0.739,0.261,0.8136760229796828,0.18632397702031722
11_Malachite_GA_1671144.h5;19_Carmin_naccarat_GA_42100.h5,0.771,0.229,0.7965203209606277,0.20347967903937225
17_Green_earth_GA_17400.h5;06_Ploss_blau_GA_10170.h5,0.808,0.192,0.7953331461231512,0.2046668538768488
01_Ultramarin_GA_45010.h5;20_Azurite_GA_10210.h5,0.8,0.2,0.7996450468452908,0.2003549531547092
04_Red_oxide_GA_48600.h5;11_Malachite_GA_1671144.h5,0.797,0.203,0.8010630720355087,0.19893692796449125
17_Green_earth_GA_17400.h5;09_Ocre_citron_GA_T2600200A.h5,0.9,0.1,0.8967098927639983,0.10329010723600174
13_Magnesite_GA_11900.h5;10_Malachite_GA_1674110.h5,0.871,0.129,0.8003525413618846,0.1996474586381154
16_Indigo_GA_36009.h5;02_Ultramarin_GA_45080.h5,0.737,0.263,0.7864009800681159,0.21359901993188413
15_Iron_oxide_GA_1675410.h5;07_Peach_black_GA_12010.h5,0.754,0.246,0.7932684920877412,0.2067315079122588
08_Ocre_havane_GA_T2800200A.h5;04_Red_oxide_GA_48600.h5,0.827,0.173,0.7683568857172336,0.2316431142827664
15_Iron_oxide_GA_1675410.h5;17_Green_earth_GA_17400.h5,0.744,0.256,0.7518555771759624,0.2481444228240376
09_Ocre_citron_GA_T2600200A.h5;01_Ultramarin_GA_45010.h5,0.748,0.252,0.782957278302973,0.21704272169702699
16_Indigo_GA_36009.h5;04_Red_oxide_GA_48600.h5,0.7,0.3,0.7215267839654114,0.27847321603458863
15_Iron_oxide_GA_1675410.h5;12_Malachite_GA_10300.h5,0.827,0.173,0.7845641013797945,0.2154358986202055
05_Pure_rouge_GA_T3800250A.h5;07_Peach_black_GA_12010.h5,0.815,0.185,0.8277186689262046,0.1722813310737954
18_Egyptian_blue_GA_10060.h5;02_Ultramarin_GA_45080.h5,0.7,0.3,0.7414675073465093,0.25853249265349065
21_Titanium_white_GA_46200.h5;16_Indigo_GA_36009.h5,0.801,0.199,0.8101197959545681,0.18988020404543193
13_Magnesite_GA_11900.h5;21_Titanium_white_GA_46200.h5,0.764,0.236,0.797709726963989,0.202290273036011
13_Magnesite_GA_11900.h5;14_Iron_red_GA_48600.h5,0.848,0.152,0.8142189609235347,0.18578103907646526
21_Titanium_white_GA_46200.h5;16_Indigo_GA_36009.h5,0.739,0.261,0.7817857765571258,0.21821422344287422
06_Ploss_blau_GA_10170.h5;03_Terre_ombre_GA_T07000250A.h5,0.79,0.21,0.7974766373731358,0.2025233626268642
18_Egyptian_blue_GA_10060.h5;05_Pure_rouge_GA_T3800250A.h5,0.9,0.1,0.9107339505866607,0.08926604941333927
09_Ocre_citron_GA_T2600200A.h5;03_Terre_ombre_GA_T07000250A.h5,0.764,0.236,0.7890490683241321,0.21095093167586787
08_Ocre_havane_GA_T2800200A.h5;13_Magnesite_GA_11900.h5,0.75,0.25,0.7989429415130658,0.20105705848693423
08_Ocre_havane_GA_T2800200A.h5;14_Iron_red_GA_48600.h5,0.788,0.212,0.7703250910967201,0.2296749089032799
09_Ocre_citron_GA_T2600200A.h5;02_Ultramarin_GA_45080.h5,0.744,0.256,0.7773757502855473,0.22262424971445272
13_Magnesite_GA_11900.h5;10_Malachite_GA_1674110.h5,0.82,0.18,0.8171468164625306,0.18285318353746938
04_Red_oxide_GA_48600.h5;16_Indigo_GA_36009.h5,0.832,0.168,0.842090666157431,0.157909333842569
17_Green_earth_GA_17400.h5;06_Ploss_blau_GA_10170.h5,0.7,0.3,0.6892425080946646,0.3107574919053354
17_Green_earth_GA_17400.h5;03_Terre_ombre_GA_T07000250A.h5,0.805,0.195,0.8283005900449167,0.17169940995508326
02_Ultramarin_GA_45080.h5;19_Carmin_naccarat_GA_42100.h5,0.835,0.165,0.8162193923205088,0.18378060767949123
17_Green_earth_GA_17400.h5;07_Peach_black_GA_12010.h5,0.831,0.169,0.8306057440794223,0.16939425592057766
07_Peach_black_GA_12010.h5;20_Azurite_GA_10210.h5,0.7,0.3,0.6992823596154258,0.30071764038457416
16_Indigo_GA_36009.h5;11_Malachite_GA_1671144.h5,0.868,0.132,0.827172032660345,0.172827967339655
14_Iron_red_GA_48600.h5;03_Terre_ombre_GA_T07000250A.h5,0.885,0.115,0.8688973537081134,0.13110264629188662
03_Terre_ombre_GA_T07000250A.h5;16_Indigo_GA_36009.h5,0.788,0.212,0.8198211675602991,0.1801788324397009
10_Malachite_GA_1674110.h5;06_Ploss_blau_GA_10170.h5,0.84,0.16,0.8398913298297276,0.16010867017027242
10_Malachite_GA_1674110.h5;07_Peach_black_GA_12010.h5,0.829,0.171,0.8306177909176927,0.16938220908230728
09_Ocre_citron_GA_T2600200A.h5;17_Green_earth_GA_17400.h5,0.779,0.221,0.7918787684609176,0.20812123153908235
09_Ocre_citron_GA_T2600200A.h5;21_Titanium_white_GA_46200.h5,0.789,0.211,0.8011371264324794,0.19886287356752064
11_Malachite_GA_1671144.h5;06_Ploss_blau_GA_10170.h5,0.9,0.1,0.8901875009388591,0.10981249906114088
19_Carmin_naccarat_GA_42100.h5;17_Green_earth_GA_17400.h5,0.851,0.149,0.817842380871715,0.182157619128285
20_Azurite_GA_10210.h5;04_Red_oxide_GA_48600.h5,0.817,0.183,0.8044401732374107,0.19555982676258932
21_Titanium_white_GA_46200.h5;14_Iron_red_GA_48600.h5,0.771,0.229,0.8037741006941013,0.19622589930589873
20_Azurite_GA_10210.h5;08_Ocre_havane_GA_T2800200A.h5,0.74,0.26,0.7561391780184317,0.24386082198156833
06_Ploss_blau_GA_10170.h5;13_Magnesite_GA_11900.h5,0.825,0.175,0.8098478544733382,0.19015214552666182
02_Ultramarin_GA_45080.h5;20_Azurite_GA_10210.h5,0.787,0.213,0.8073644776562718,0.19263552234372816
13_Magnesite_GA_11900.h5;05_Pure_rouge_GA_T3800250A.h5,0.791,0.209,0.8046464611577002,0.19535353884229978
08_Ocre_havane_GA_T2800200A.h5;15_Iron_oxide_GA_1675410.h5,0.9,0.1,0.8442131151473051,0.15578688485269487
08_Ocre_havane_GA_T2800200A.h5;13_Magnesite_GA_11900.h5,0.841,0.159,0.8091494014162566,0.19085059858374342
18_Egyptian_blue_GA_10060.h5;15_Iron_oxide_GA_1675410.h5,0.781,0.219,0.8191518400618362,0.18084815993816383
05_Pure_rouge_GA_T3800250A.h5;12_Malachite_GA_10300.h5,0.815,0.185,0.8130709507835034,0.18692904921649656
11_Malachite_GA_1671144.h5;21_Titanium_white_GA_46200.h5,0.714,0.286,0.7307471171270261,0.2692528828729739
17_Green_earth_GA_17400.h5;08_Ocre_havane_GA_T2800200A.h5,0.7,0.3,0.7430067834368751,0.2569932165631249
02_Ultramarin_GA_45080.h5;21_Titanium_white_GA_46200.h5,0.797,0.203,0.792952550536185,0.20704744946381504
14_Iron_red_GA_48600.h5;08_Ocre_havane_GA_T2800200A.h5,0.7,0.3,0.7543311851615474,0.2456688148384526
12_Malachite_GA_10300.h5;10_Malachite_GA_1674110.h5,0.701,0.299,0.7179188015432223,0.2820811984567777
08_Ocre_havane_GA_T2800200A.h5;21_Titanium_white_GA_46200.h5,0.847,0.153,0.7896174984999469,0.2103825015000531
11_Malachite_GA_1671144.h5;20_Azurite_GA_10210.h5,0.755,0.245,0.7563831398060312,0.24361686019396878
03_Terre_ombre_GA_T07000250A.h5;10_Malachite_GA_1674110.h5,0.786,0.214,0.8088119603938737,0.1911880396061263
04_Red_oxide_GA_48600.h5;07_Peach_black_GA_12010.h5,0.793,0.207,0.782764463797343,0.217235536202657
12_Malachite_GA_10300.h5;17_Green_earth_GA_17400.h5,0.83,0.17,0.8149298067057648,0.18507019329423524
20_Azurite_GA_10210.h5;03_Terre_ombre_GA_T07000250A.h5,0.797,0.203,0.7932869737489987,0.2067130262510013
18_Egyptian_blue_GA_10060.h5;15_Iron_oxide_GA_1675410.h5,0.859,0.141,0.8586706777438641,0.14132932225613593
06_Ploss_blau_GA_10170.h5;12_Malachite_GA_10300.h5,0.85,0.15,0.8500299347658653,0.1499700652341347
09_Ocre_citron_GA_T2600200A.h5;20_Azurite_GA_10210.h5,0.831,0.169,0.7996825907524316,0.20031740924756836
14_Iron_red_GA_48600.h5;06_Ploss_blau_GA_10170.h5,0.802,0.198,0.8545314245174811,0.1454685754825189
20_Azurite_GA_10210.h5;04_Red_oxide_GA_48600.h5,0.805,0.195,0.7728730559463688,0.2271269440536312
12_Malachite_GA_10300.h5;14_Iron_red_GA_48600.h5,0.813,0.187,0.8348632139790216,0.16513678602097837
19_Carmin_naccarat_GA_42100.h5;18_Egyptian_blue_GA_10060.h5,0.744,0.256,0.7827001277545431,0.21729987224545688
04_Red_oxide_GA_48600.h5;08_Ocre_havane_GA_T2800200A.h5,0.749,0.251,0.7541995065475909,0.24580049345240906
18_Egyptian_blue_GA_10060.h5;15_Iron_oxide_GA_1675410.h5,0.784,0.216,0.7783712207330948,0.22162877926690516
10_Malachite_GA_1674110.h5;21_Titanium_white_GA_46200.h5,0.834,0.166,0.8255261449590315,0.17447385504096846
08_Ocre_havane_GA_T2800200A.h5;02_Ultramarin_GA_45080.h5,0.828,0.172,0.8109637224418358,0.1890362775581642
16_Indigo_GA_36009.h5;10_Malachite_GA_1674110.h5,0.773,0.227,0.7918648873432999,0.20813511265670015
10_Malachite_GA_1674110.h5;11_Malachite_GA_1671144.h5,0.799,0.201,0.8000192009875796,0.19998079901242038
08_Ocre_havane_GA_T2800200A.h5;16_Indigo_GA_36009.h5,0.784,0.216,0.7807470532788768,0.21925294672112317
07_Peach_black_GA_12010.h5;13_Magnesite_GA_11900.h5,0.88,0.12,0.8792534944395346,0.1207465055604654
19_Carmin_naccarat_GA_42100.h5;03_Terre_ombre_GA_T07000250A.h5,0.807,0.193,0.8273120610191091,0.17268793898089085
02_Ultramarin_GA_45080.h5;10_Malachite_GA_1674110.h5,0.742,0.258,0.7996693394857033,0.2003306605142967
11_Malachite_GA_1671144.h5;05_Pure_rouge_GA_T3800250A.h5,0.808,0.192,0.8145986470252348,0.18540135297476523
11_Malachite_GA_1671144.h5;20_Azurite_GA_10210.h5,0.776,0.224,0.7767550971001385,0.22324490289986154
19_Carmin_naccarat_GA_42100.h5;17_Green_earth_GA_17400.h5,0.837,0.163,0.7969936676216585,0.20300633237834154
08_Ocre_havane_GA_T2800200A.h5;03_Terre_ombre_GA_T07000250A.h5,0.836,0.164,0.7890090076668065,0.21099099233319352
10_Malachite_GA_1674110.h5;09_Ocre_citron_GA_T2600200A.h5,0.879,0.121,0.8615522038410028,0.13844779615899716
17_Green_earth_GA_17400.h5;20_Azurite_GA_10210.h5,0.796,0.204,0.789914458635703,0.21008554136429702
07_Peach_black_GA_12010.h5;02_Ultramarin_GA_45080.h5,0.805,0.195,0.7863471650905517,0.2136528349094483
07_Peach_black_GA_12010.h5;13_Magnesite_GA_11900.h5,0.818,0.182,0.8010075252298046,0.19899247477019544
08_Ocre_havane_GA_T2800200A.h5;14_Iron_red_GA_48600.h5,0.8,0.2,0.7866150328287191,0.21338496717128086
11_Malachite_GA_1671144.h5;13_Magnesite_GA_11900.h5,0.772,0.228,0.7797838041387439,0.22021619586125607
13_Magnesite_GA_11900.h5;03_Terre_ombre_GA_T07000250A.h5,0.765,0.235,0.8130931779896675,0.18690682201033249
21_Titanium_white_GA_46200.h5;04_Red_oxide_GA_48600.h5,0.748,0.252,0.7731758646257629,0.22682413537423707
13_Magnesite_GA_11900.h5;01_Ultramarin_GA_45010.h5,0.809,0.191,0.8137259451507457,0.1862740548492543
01_Ultramarin_GA_45010.h5;16_Indigo_GA_36009.h5,0.725,0.275,0.738542095303784,0.261457904696216
19_Carmin_naccarat_GA_42100.h5;02_Ultramarin_GA_45080.h5,0.71,0.29,0.7750591452594408,0.22494085474055925
10_Malachite_GA_1674110.h5;18_Egyptian_blue_GA_10060.h5,0.767,0.233,0.7670716846984188,0.2329283153015812
02_Ultramarin_GA_45080.h5;11_Malachite_GA_1671144.h5,0.868,0.132,0.7982245188722124,0.20177548112778765
18_Egyptian_blue_GA_10060.h5;14_Iron_red_GA_48600.h5,0.819,0.181,0.8078237072340594,0.19217629276594062
19_Carmin_naccarat_GA_42100.h5;05_Pure_rouge_GA_T3800250A.h5,0.825,0.175,0.8152028556199256,0.18479714438007444
06_Ploss_blau_GA_10170.h5;20_Azurite_GA_10210.h5,0.752,0.248,0.7482743450924314,0.2517256549075686
03_Terre_ombre_GA_T07000250A.h5;04_Red_oxide_GA_48600.h5,0.802,0.198,0.8032413300200398,0.19675866997996017
15_Iron_oxide_GA_1675410.h5;13_Magnesite_GA_11900.h5,0.837,0.163,0.7959427132509792,0.2040572867490208
21_Titanium_white_GA_46200.h5;07_Peach_black_GA_12010.h5,0.797,0.203,0.8366946065652401,0.16330539343475992
19_Carmin_naccarat_GA_42100.h5;06_Ploss_blau_GA_10170.h5,0.768,0.232,0.7973894617571122,0.20261053824288777
21_Titanium_white_GA_46200.h5;01_Ultramarin_GA_45010.h5,0.881,0.119,0.7943711461528533,0.2056288538471467
21_Titanium_white_GA_46200.h5;11_Malachite_GA_1671144.h5,0.748,0.252,0.7573119102279884,0.24268808977201162
20_Azurite_GA_10210.h5;08_Ocre_havane_GA_T2800200A.h5,0.786,0.214,0.782969573922258,0.21703042607774203
17_Green_earth_GA_17400.h5;06_Ploss_blau_GA_10170.h5,0.803,0.197,0.8069451019863843,0.19305489801361575
05_Pure_rouge_GA_T3800250A.h5;02_Ultramarin_GA_45080.h5,0.764,0.236,0.7643851666205334,0.23561483337946665
08_Ocre_havane_GA_T2800200A.h5;14_Iron_red_GA_48600.h5,0.7,0.3,0.74971417131711,0.25028582868288995
05_Pure_rouge_GA_T3800250A.h5;11_Malachite_GA_1671144.h5,0.9,0.1,0.8495300430018073,0.15046995699819266
17_Green_earth_GA_17400.h5;09_Ocre_citron_GA_T2600200A.h5,0.772,0.228,0.7996735685261636,0.20032643147383644
02_Ultramarin_GA_45080.h5;01_Ultramarin_GA_45010.h5,0.793,0.207,0.7829554659401967,0.21704453405980328
20_Azurite_GA_10210.h5;08_Ocre_havane_GA_T2800200A.h5,0.797,0.203,0.8171051677413976,0.18289483225860237
08_Ocre_havane_GA_T2800200A.h5;13_Magnesite_GA_11900.h5,0.765,0.235,0.797598592320402,0.20240140767959802
18_Egyptian_blue_GA_10060.h5;11_Malachite_GA_1671144.h5,0.824,0.176,0.7918898422540863,0.20811015774591368
07_Peach_black_GA_12010.h5;20_Azurite_GA_10210.h5,0.818,0.182,0.816067072282869,0.183932927717131
11_Malachite_GA_1671144.h5;04_Red_oxide_GA_48600.h5,0.749,0.251,0.7490645341006242,0.25093546589937576
10_Malachite_GA_1674110.h5;02_Ultramarin_GA_45080.h5,0.777,0.223,0.7938507858643106,0.20614921413568943
03_Terre_ombre_GA_T07000250A.h5;04_Red_oxide_GA_48600.h5,0.806,0.194,0.7927777852937875,0.2072222147062125
09_Ocre_citron_GA_T2600200A.h5;02_Ultramarin_GA_45080.h5,0.806,0.194,0.7632069055560792,0.23679309444392083
19_Carmin_naccarat_GA_42100.h5;09_Ocre_citron_GA_T2600200A.h5,0.7,0.3,0.8032289424909398,0.1967710575090602
15_Iron_oxide_GA_1675410.h5;10_Malachite_GA_1674110.h5,0.808,0.192,0.818106985932903,0.18189301406709701
09_Ocre_citron_GA_T2600200A.h5;21_Titanium_white_GA_46200.h5,0.73,0.27,0.8044128234512162,0.19558717654878377
15_Iron_oxide_GA_1675410.h5;17_Green_earth_GA_17400.h5,0.9,0.1,0.7928267195963123,0.20717328040368765
02_Ultramarin_GA_45080.h5;01_Ultramarin_GA_45010.h5,0.784,0.216,0.8117177532550865,0.18828224674491345
02_Ultramarin_GA_45080.h5;18_Egyptian_blue_GA_10060.h5,0.852,0.148,0.845039865013658,0.15496013498634198
21_Titanium_white_GA_46200.h5;06_Ploss_blau_GA_10170.h5,0.752,0.248,0.7892594764790378,0.21074052352096218
04_Red_oxide_GA_48600.h5;11_Malachite_GA_1671144.h5,0.822,0.178,0.816635511516652,0.18336448848334796
07_Peach_black_GA_12010.h5;19_Carmin_naccarat_GA_42100.h5,0.877,0.123,0.8770553096886106,0.12294469031138944
07_Peach_black_GA_12010.h5;14_Iron_red_GA_48600.h5,0.781,0.219,0.7847992212988933,0.21520077870110665
10_Malachite_GA_1674110.h5;07_Peach_black_GA_12010.h5,0.763,0.237,0.7731156753363508,0.22688432466364916
14_Iron_red_GA_48600.h5;03_Terre_ombre_GA_T07000250A.h5,0.703,0.297,0.7244980105244685,0.2755019894755315
02_Ultramarin_GA_45080.h5;12_Malachite_GA_10300.h5,0.721,0.279,0.8050951768068392,0.19490482319316083
17_Green_earth_GA_17400.h5;01_Ultramarin_GA_45010.h5,0.707,0.293,0.7461372269153049,0.25386277308469507
14_Iron_red_GA_48600.h5;20_Azurite_GA_10210.h5,0.814,0.186,0.7851621005232592,0.2148378994767408
20_Azurite_GA_10210.h5;16_Indigo_GA_36009.h5,0.9,0.1,0.9117844515673754,0.08821554843262458
06_Ploss_blau_GA_10170.h5;09_Ocre_citron_GA_T2600200A.h5,0.9,0.1,0.8984905574109692,0.10150944258903083
10_Malachite_GA_1674110.h5;18_Egyptian_blue_GA_10060.h5,0.732,0.268,0.7388893588515175,0.2611106411484825
07_Peach_black_GA_12010.h5;14_Iron_red_GA_48600.h5,0.808,0.192,0.803919814680886,0.19608018531911398
14_Iron_red_GA_48600.h5;06_Ploss_blau_GA_10170.h5,0.843,0.157,0.8469482250547171,0.15305177494528288
12_Malachite_GA_10300.h5;06_Ploss_blau_GA_10170.h5,0.874,0.126,0.8595463573143646,0.14045364268563543
13_Magnesite_GA_11900.h5;01_Ultramarin_GA_45010.h5,0.754,0.246,0.8100444085088843,0.18995559149111574
15_Iron_oxide_GA_1675410.h5;12_Malachite_GA_10300.h5,0.799,0.201,0.8156508183340534,0.1843491816659466
13_Magnesite_GA_11900.h5;19_Carmin_naccarat_GA_42100.h5,0.7,0.3,0.7951203902380233,0.20487960976197672
12_Malachite_GA_10300.h5;14_Iron_red_GA_48600.h5,0.864,0.136,0.8830497451585309,0.11695025484146915
14_Iron_red_GA_48600.h5;19_Carmin_naccarat_GA_42100.h5,0.817,0.183,0.8078499326315145,0.1921500673684855
04_Red_oxide_GA_48600.h5;07_Peach_black_GA_12010.h5,0.771,0.229,0.7928239596124693,0.20717604038753068
13_Magnesite_GA_11900.h5;07_Peach_black_GA_12010.h5,0.793,0.207,0.7949873707058539,0.2050126292941461
13_Magnesite_GA_11900.h5;16_Indigo_GA_36009.h5,0.751,0.249,0.7903693823748104,0.20963061762518964
21_Titanium_white_GA_46200.h5;09_Ocre_citron_GA_T2600200A.h5,0.759,0.241,0.7950253038283936,0.20497469617160635
14_Iron_red_GA_48600.h5;04_Red_oxide_GA_48600.h5,0.794,0.206,0.8087891774206569,0.19121082257934308
10_Malachite_GA_1674110.h5;13_Magnesite_GA_11900.h5,0.811,0.189,0.8008629776884393,0.19913702231156072
09_Ocre_citron_GA_T2600200A.h5;20_Azurite_GA_10210.h5,0.9,0.1,0.8175329009347485,0.1824670990652515
05_Pure_rouge_GA_T3800250A.h5;03_Terre_ombre_GA_T07000250A.h5,0.812,0.188,0.8218724075054743,0.1781275924945257
06_Ploss_blau_GA_10170.h5;03_Terre_ombre_GA_T07000250A.h5,0.778,0.222,0.763505476911762,0.23649452308823804
21_Titanium_white_GA_46200.h5;10_Malachite_GA_1674110.h5,0.798,0.202,0.803954803166756,0.19604519683324395
03_Terre_ombre_GA_T07000250A.h5;10_Malachite_GA_1674110.h5,0.864,0.136,0.8519475764506368,0.1480524235493632
19_Carmin_naccarat_GA_42100.h5;20_Azurite_GA_10210.h5,0.785,0.215,0.7942703817021569,0.2057296182978431
05_Pure_rouge_GA_T3800250A.h5;15_Iron_oxide_GA_1675410.h5,0.773,0.227,0.786831778505072,0.21316822149492798
09_Ocre_citron_GA_T2600200A.h5;04_Red_oxide_GA_48600.h5,0.818,0.182,0.8197577417575016,0.1802422582424984
13_Magnesite_GA_11900.h5;05_Pure_rouge_GA_T3800250A.h5,0.821,0.179,0.8045647018090795,0.19543529819092054
09_Ocre_citron_GA_T2600200A.h5;16_Indigo_GA_36009.h5,0.809,0.191,0.7948298327479881,0.20517016725201187
11_Malachite_GA_1671144.h5;18_Egyptian_blue_GA_10060.h5,0.757,0.243,0.7475727899450266,0.25242721005497337
15_Iron_oxide_GA_1675410.h5;07_Peach_black_GA_12010.h5,0.78,0.22,0.7738305071018925,0.2261694928981075
07_Peach_black_GA_12010.h5;09_Ocre_citron_GA_T2600200A.h5,0.892,0.108,0.8917544726569707,0.10824552734302928
21_Titanium_white_GA_46200.h5;06_Ploss_blau_GA_10170.h5,0.796,0.204,0.792641764046538,0.20735823595346203
07_Peach_black_GA_12010.h5;13_Magnesite_GA_11900.h5,0.879,0.121,0.8732117778998363,0.12678822210016372
19_Carmin_naccarat_GA_42100.h5;02_Ultramarin_GA_45080.h5,0.811,0.189,0.8021066484186883,0.19789335158131172
19_Carmin_naccarat_GA_42100.h5;09_Ocre_citron_GA_T2600200A.h5,0.757,0.243,0.8082700742590861,0.19172992574091385
17_Green_earth_GA_17400.h5;07_Peach_black_GA_12010.h5,0.768,0.232,0.7766549693606937,0.22334503063930633
04_Red_oxide_GA_48600.h5;08_Ocre_havane_GA_T2800200A.h5,0.804,0.196,0.8140628847449151,0.18593711525508494
10_Malachite_GA_1674110.h5;03_Terre_ombre_GA_T07000250A.h5,0.843,0.157,0.8517356802197975,0.1482643197802025
12_Malachite_GA_10300.h5;14_Iron_red_GA_48600.h5,0.743,0.257,0.772997415941624,0.22700258405837603
13_Magnesite_GA_11900.h5;03_Terre_ombre_GA_T07000250A.h5,0.756,0.244,0.8078815572413823,0.19211844275861767
05_Pure_rouge_GA_T3800250A.h5;12_Malachite_GA_10300.h5,0.74,0.26,0.7907347671570907,0.20926523284290932
18_Egyptian_blue_GA_10060.h5;13_Magnesite_GA_11900.h5,0.753,0.247,0.8042423490612618,0.1957576509387382
01_Ultramarin_GA_45010.h5;10_Malachite_GA_1674110.h5,0.753,0.247,0.776219652177228,0.223780347822772
03_Terre_ombre_GA_T07000250A.h5;13_Magnesite_GA_11900.h5,0.798,0.202,0.7999451746152513,0.20005482538474872
15_Iron_oxide_GA_1675410.h5;19_Carmin_naccarat_GA_42100.h5,0.753,0.247,0.803499063002024,0.196500936997976
05_Pure_rouge_GA_T3800250A.h5;17_Green_earth_GA_17400.h5,0.727,0.273,0.7494949779330711,0.25050502206692893
19_Carmin_naccarat_GA_42100.h5;13_Magnesite_GA_11900.h5,0.705,0.295,0.7891227305755034,0.21087726942449658
02_Ultramarin_GA_45080.h5;20_Azurite_GA_10210.h5,0.821,0.179,0.776516526939156,0.22348347306084404
18_Egyptian_blue_GA_10060.h5;13_Magnesite_GA_11900.h5,0.822,0.178,0.7987058411937084,0.20129415880629165
06_Ploss_blau_GA_10170.h5;04_Red_oxide_GA_48600.h5,0.829,0.171,0.8394819702662987,0.16051802973370133
11_Malachite_GA_1671144.h5;13_Magnesite_GA_11900.h5,0.828,0.172,0.8430326580426712,0.15696734195732875
20_Azurite_GA_10210.h5;17_Green_earth_GA_17400.h5,0.809,0.191,0.8253567954840036,0.17464320451599635
07_Peach_black_GA_12010.h5;06_Ploss_blau_GA_10170.h5,0.818,0.182,0.8145839868897939,0.18541601311020606
17_Green_earth_GA_17400.h5;14_Iron_red_GA_48600.h5,0.813,0.187,0.8220258722671854,0.17797412773281462
21_Titanium_white_GA_46200.h5;16_Indigo_GA_36009.h5,0.844,0.156,0.7773502106070319,0.2226497893929681
15_Iron_oxide_GA_1675410.h5;01_Ultramarin_GA_45010.h5,0.834,0.166,0.8119166026022541,0.18808339739774593
14_Iron_red_GA_48600.h5;17_Green_earth_GA_17400.h5,0.807,0.193,0.8056260959507895,0.1943739040492105
07_Peach_black_GA_12010.h5;01_Ultramarin_GA_45010.h5,0.9,0.1,0.9050179464263973,0.09498205357360268
15_Iron_oxide_GA_1675410.h5;12_Malachite_GA_10300.h5,0.825,0.175,0.8158956688592942,0.1841043311407058
04_Red_oxide_GA_48600.h5;17_Green_earth_GA_17400.h5,0.851,0.149,0.812431569935561,0.18756843006443902
07_Peach_black_GA_12010.h5;21_Titanium_white_GA_46200.h5,0.77,0.23,0.7663238503624191,0.23367614963758088
02_Ultramarin_GA_45080.h5;19_Carmin_naccarat_GA_42100.h5,0.803,0.197,0.7987172351585989,0.20128276484140106
07_Peach_black_GA_12010.h5;18_Egyptian_blue_GA_10060.h5,0.781,0.219,0.7725778899232822,0.22742211007671775
08_Ocre_havane_GA_T2800200A.h5;17_Green_earth_GA_17400.h5,0.856,0.144,0.805484686325618,0.19451531367438202
20_Azurite_GA_10210.h5;17_Green_earth_GA_17400.h5,0.779,0.221,0.8032618262799827,0.19673817372001734
01_Ultramarin_GA_45010.h5;21_Titanium_white_GA_46200.h5,0.762,0.238,0.7899569570990052,0.21004304290099485
13_Magnesite_GA_11900.h5;06_Ploss_blau_GA_10170.h5,0.831,0.169,0.7868224747486146,0.21317752525138545
16_Indigo_GA_36009.h5;19_Carmin_naccarat_GA_42100.h5,0.7,0.3,0.7267779454505909,0.27322205454940907
15_Iron_oxide_GA_1675410.h5;04_Red_oxide_GA_48600.h5,0.761,0.239,0.7672135695112934,0.23278643048870662
10_Malachite_GA_1674110.h5;17_Green_earth_GA_17400.h5,0.803,0.197,0.7857719947132306,0.21422800528676944
05_Pure_rouge_GA_T3800250A.h5;13_Magnesite_GA_11900.h5,0.799,0.201,0.8051029963278464,0.19489700367215357
05_Pure_rouge_GA_T3800250A.h5;13_Magnesite_GA_11900.h5,0.779,0.221,0.7924926089610881,0.20750739103891191
20_Azurite_GA_10210.h5;19_Carmin_naccarat_GA_42100.h5,0.869,0.131,0.8124718582994044,0.18752814170059562
04_Red_oxide_GA_48600.h5;08_Ocre_havane_GA_T2800200A.h5,0.753,0.247,0.7977723987943947,0.20222760120560535
20_Azurite_GA_10210.h5;13_Magnesite_GA_11900.h5,0.836,0.164,0.8472524571152219,0.1527475428847781
18_Egyptian_blue_GA_10060.h5;02_Ultramarin_GA_45080.h5,0.81,0.19,0.8115781652474776,0.1884218347525224
21_Titanium_white_GA_46200.h5;13_Magnesite_GA_11900.h5,0.85,0.15,0.8416670670116908,0.1583329329883092
18_Egyptian_blue_GA_10060.h5;02_Ultramarin_GA_45080.h5,0.8,0.2,0.7888125943944475,0.2111874056055525
05_Pure_rouge_GA_T3800250A.h5;17_Green_earth_GA_17400.h5,0.893,0.107,0.8702225149445049,0.12977748505549513
17_Green_earth_GA_17400.h5;02_Ultramarin_GA_45080.h5,0.79,0.21,0.8239196175939604,0.17608038240603963
17_Green_earth_GA_17400.h5;19_Carmin_naccarat_GA_42100.h5,0.763,0.237,0.7786072512016607,0.22139274879833926
11_Malachite_GA_1671144.h5;12_Malachite_GA_10300.h5,0.786,0.214,0.7841064680702464,0.21589353192975358
09_Ocre_citron_GA_T2600200A.h5;19_Carmin_naccarat_GA_42100.h5,0.751,0.249,0.7703581905565595,0.22964180944344048
10_Malachite_GA_1674110.h5;09_Ocre_citron_GA_T2600200A.h5,0.812,0.188,0.7758588141354097,0.2241411858645903
09_Ocre_citron_GA_T2600200A.h5;16_Indigo_GA_36009.h5,0.781,0.219,0.7990394677348062,0.20096053226519384
09_Ocre_citron_GA_T2600200A.h5;14_Iron_red_GA_48600.h5,0.876,0.124,0.8144250418725107,0.18557495812748925
13_Magnesite_GA_11900.h5;02_Ultramarin_GA_45080.h5,0.777,0.223,0.7949353824422065,0.20506461755779348
05_Pure_rouge_GA_T3800250A.h5;06_Ploss_blau_GA_10170.h5,0.814,0.186,0.7931665505719214,0.20683344942807858
15_Iron_oxide_GA_1675410.h5;09_Ocre_citron_GA_T2600200A.h5,0.807,0.193,0.8002378327582963,0.1997621672417037
10_Malachite_GA_1674110.h5;11_Malachite_GA_1671144.h5,0.871,0.129,0.8711541128441618,0.12884588715583822
19_Carmin_naccarat_GA_42100.h5;10_Malachite_GA_1674110.h5,0.877,0.123,0.826814903113817,0.173185096886183
09_Ocre_citron_GA_T2600200A.h5;19_Carmin_naccarat_GA_42100.h5,0.758,0.242,0.7861070978903646,0.2138929021096354
06_Ploss_blau_GA_10170.h5;17_Green_earth_GA_17400.h5,0.758,0.242,0.7434601108563159,0.2565398891436841
11_Malachite_GA_1671144.h5;13_Magnesite_GA_11900.h5,0.855,0.145,0.8137094367122751,0.18629056328772486
19_Carmin_naccarat_GA_42100.h5;01_Ultramarin_GA_45010.h5,0.832,0.168,0.8481017938030269,0.15189820619697314
16_Indigo_GA_36009.h5;18_Egyptian_blue_GA_10060.h5,0.837,0.163,0.8544081026715534,0.14559189732844657
20_Azurite_GA_10210.h5;06_Ploss_blau_GA_10170.h5,0.848,0.152,0.8483317149525444,0.15166828504745555
15_Iron_oxide_GA_1675410.h5;21_Titanium_white_GA_46200.h5,0.774,0.226,0.7896826881349149,0.21031731186508507
09_Ocre_citron_GA_T2600200A.h5;10_Malachite_GA_1674110.h5,0.768,0.232,0.7884274772750395,0.21157252272496052
15_Iron_oxide_GA_1675410.h5;19_Carmin_naccarat_GA_42100.h5,0.854,0.146,0.8262948232353042,0.17370517676469577
05_Pure_rouge_GA_T3800250A.h5;21_Titanium_white_GA_46200.h5,0.82,0.18,0.7938410131626069,0.2061589868373931
08_Ocre_havane_GA_T2800200A.h5;14_Iron_red_GA_48600.h5,0.882,0.118,0.7990846049946863,0.20091539500531375
03_Terre_ombre_GA_T07000250A.h5;10_Malachite_GA_1674110.h5,0.822,0.178,0.8030368367821634,0.19696316321783658
12_Malachite_GA_10300.h5;10_Malachite_GA_1674110.h5,0.802,0.198,0.7926203334828402,0.20737966651715978
15_Iron_oxide_GA_1675410.h5;11_Malachite_GA_1671144.h5,0.7,0.3,0.7695091494516262,0.23049085054837382
06_Ploss_blau_GA_10170.h5;16_Indigo_GA_36009.h5,0.786,0.214,0.775460481915663,0.22453951808433703
21_Titanium_white_GA_46200.h5;08_Ocre_havane_GA_T2800200A.h5,0.749,0.251,0.8073266957365874,0.19267330426341256
17_Green_earth_GA_17400.h5;18_Egyptian_blue_GA_10060.h5,0.786,0.214,0.8134117780571956,0.18658822194280444
12_Malachite_GA_10300.h5;04_Red_oxide_GA_48600.h5,0.773,0.227,0.7051527662738397,0.2948472337261603
03_Terre_ombre_GA_T07000250A.h5;02_Ultramarin_GA_45080.h5,0.875,0.125,0.8726627446339192,0.12733725536608076
19_Carmin_naccarat_GA_42100.h5;21_Titanium_white_GA_46200.h5,0.885,0.115,0.7735818247678232,0.22641817523217678
04_Red_oxide_GA_48600.h5;12_Malachite_GA_10300.h5,0.895,0.105,0.8753592743998836,0.12464072560011641
06_Ploss_blau_GA_10170.h5;14_Iron_red_GA_48600.h5,0.774,0.226,0.7813330985849172,0.21866690141508283
15_Iron_oxide_GA_1675410.h5;10_Malachite_GA_1674110.h5,0.747,0.253,0.8223817959845301,0.1776182040154699
12_Malachite_GA_10300.h5;05_Pure_rouge_GA_T3800250A.h5,0.892,0.108,0.8722716197853428,0.12772838021465716
03_Terre_ombre_GA_T07000250A.h5;09_Ocre_citron_GA_T2600200A.h5,0.839,0.161,0.818170569309757,0.18182943069024304
13_Magnesite_GA_11900.h5;21_Titanium_white_GA_46200.h5,0.773,0.227,0.7987696563625593,0.20123034363744075
19_Carmin_naccarat_GA_42100.h5;17_Green_earth_GA_17400.h5,0.82,0.18,0.8106703289346764,0.1893296710653236
01_Ultramarin_GA_45010.h5;02_Ultramarin_GA_45080.h5,0.87,0.13,0.8543758651609656,0.14562413483903436
12_Malachite_GA_10300.h5;11_Malachite_GA_1671144.h5,0.789,0.211,0.816603231036962,0.18339676896303803
15_Iron_oxide_GA_1675410.h5;03_Terre_ombre_GA_T07000250A.h5,0.852,0.148,0.7861483582383745,0.21385164176162552
13_Magnesite_GA_11900.h5;15_Iron_oxide_GA_1675410.h5,0.848,0.152,0.8066880966731081,0.19331190332689185
18_Egyptian_blue_GA_10060.h5;02_Ultramarin_GA_45080.h5,0.812,0.188,0.7844563809706048,0.21554361902939523
17_Green_earth_GA_17400.h5;07_Peach_black_GA_12010.h5,0.856,0.144,0.8445700881363467,0.1554299118636533
09_Ocre_citron_GA_T2600200A.h5;03_Terre_ombre_GA_T07000250A.h5,0.825,0.175,0.7838909153433334,0.21610908465666656
06_Ploss_blau_GA_10170.h5;02_Ultramarin_GA_45080.h5,0.77,0.23,0.7596493000084679,0.24035069999153214
19_Carmin_naccarat_GA_42100.h5;18_Egyptian_blue_GA_10060.h5,0.814,0.186,0.7706328791623859,0.22936712083761412
14_Iron_red_GA_48600.h5;05_Pure_rouge_GA_T3800250A.h5,0.836,0.164,0.8120329223902887,0.18796707760971132
16_Indigo_GA_36009.h5;15_Iron_oxide_GA_1675410.h5,0.831,0.169,0.7966626906721943,0.2033373093278057
14_Iron_red_GA_48600.h5;06_Ploss_blau_GA_10170.h5,0.778,0.222,0.7308650449315284,0.2691349550684716
12_Malachite_GA_10300.h5;14_Iron_red_GA_48600.h5,0.9,0.1,0.870211986606435,0.12978801339356505
03_Terre_ombre_GA_T07000250A.h5;02_Ultramarin_GA_45080.h5,0.791,0.209,0.7949809943419979,0.20501900565800213
05_Pure_rouge_GA_T3800250A.h5;15_Iron_oxide_GA_1675410.h5,0.84,0.16,0.8000565337910994,0.19994346620890058
11_Malachite_GA_1671144.h5;19_Carmin_naccarat_GA_42100.h5,0.9,0.1,0.8893904144640467,0.11060958553595335
01_Ultramarin_GA_45010.h5;02_Ultramarin_GA_45080.h5,0.798,0.202,0.7620499720954709,0.23795002790452913
14_Iron_red_GA_48600.h5;19_Carmin_naccarat_GA_42100.h5,0.798,0.202,0.7692577938835138,0.23074220611648621
07_Peach_black_GA_12010.h5;19_Carmin_naccarat_GA_42100.h5,0.808,0.192,0.806635957838191,0.19336404216180902
06_Ploss_blau_GA_10170.h5;05_Pure_rouge_GA_T3800250A.h5,0.745,0.255,0.7681906323770443,0.23180936762295568
09_Ocre_citron_GA_T2600200A.h5;18_Egyptian_blue_GA_10060.h5,0.737,0.263,0.792018678533188,0.20798132146681203
18_Egyptian_blue_GA_10060.h5;21_Titanium_white_GA_46200.h5,0.715,0.285,0.7818825100236219,0.21811748997637814
09_Ocre_citron_GA_T2600200A.h5;13_Magnesite_GA_11900.h5,0.7,0.3,0.7791163942117809,0.22088360578821908
19_Carmin_naccarat_GA_42100.h5;02_Ultramarin_GA_45080.h5,0.836,0.164,0.8185267643702744,0.18147323562972562
11_Malachite_GA_1671144.h5;03_Terre_ombre_GA_T07000250A.h5,0.739,0.261,0.7517362077033144,0.2482637922966856
11_Malachite_GA_1671144.h5;19_Carmin_naccarat_GA_42100.h5,0.826,0.174,0.8238389023448307,0.1761610976551693
19_Carmin_naccarat_GA_42100.h5;03_Terre_ombre_GA_T07000250A.h5,0.7,0.3,0.7753929921333129,0.22460700786668708
20_Azurite_GA_10210.h5;14_Iron_red_GA_48600.h5,0.819,0.181,0.7965484194025428,0.20345158059745716
05_Pure_rouge_GA_T3800250A.h5;12_Malachite_GA_10300.h5,0.79,0.21,0.8320644987018069,0.16793550129819312
03_Terre_ombre_GA_T07000250A.h5;21_Titanium_white_GA_46200.h5,0.773,0.227,0.76462643699646,0.23537356300353995
06_Ploss_blau_GA_10170.h5;18_Egyptian_blue_GA_10060.h5,0.729,0.271,0.73428778398183,0.26571221601816997
13_Magnesite_GA_11900.h5;10_Malachite_GA_1674110.h5,0.741,0.259,0.7975382076090579,0.20246179239094209
13_Magnesite_GA_11900.h5;01_Ultramarin_GA_45010.h5,0.7,0.3,0.7933581773036025,0.20664182269639753
02_Ultramarin_GA_45080.h5;14_Iron_red_GA_48600.h5,0.831,0.169,0.8141979998680903,0.18580200013190973
14_Iron_red_GA_48600.h5;18_Egyptian_blue_GA_10060.h5,0.789,0.211,0.792152794960636,0.20784720503936405
11_Malachite_GA_1671144.h5;14_Iron_red_GA_48600.h5,0.818,0.182,0.8098823731940282,0.19011762680597177
04_Red_oxide_GA_48600.h5;20_Azurite_GA_10210.h5,0.847,0.153,0.8338311301604795,0.1661688698395205
07_Peach_black_GA_12010.h5;05_Pure_rouge_GA_T3800250A.h5,0.844,0.156,0.8449794744686726,0.1550205255313274
11_Malachite_GA_1671144.h5;07_Peach_black_GA_12010.h5,0.7,0.3,0.7051015270670911,0.29489847293290894
12_Malachite_GA_10300.h5;10_Malachite_GA_1674110.h5,0.808,0.192,0.8043343052375554,0.19566569476244455
01_Ultramarin_GA_45010.h5;13_Magnesite_GA_11900.h5,0.833,0.167,0.7804320702088479,0.21956792979115214
13_Magnesite_GA_11900.h5;16_Indigo_GA_36009.h5,0.779,0.221,0.7825372775799377,0.21746272242006226
06_Ploss_blau_GA_10170.h5;01_Ultramarin_GA_45010.h5,0.738,0.262,0.7300087404372916,0.2699912595627084
12_Malachite_GA_10300.h5;09_Ocre_citron_GA_T2600200A.h5,0.881,0.119,0.8582527175062804,0.1417472824937196
18_Egyptian_blue_GA_10060.h5;11_Malachite_GA_1671144.h5,0.783,0.217,0.8163191192666935,0.18368088073330646
07_Peach_black_GA_12010.h5;04_Red_oxide_GA_48600.h5,0.768,0.232,0.7713364139708516,0.22866358602914838
16_Indigo_GA_36009.h5;15_Iron_oxide_GA_1675410.h5,0.842,0.158,0.7966359993270625,0.20336400067293747
10_Malachite_GA_1674110.h5;02_Ultramarin_GA_45080.h5,0.733,0.267,0.7495605053171884,0.25043949468281157
04_Red_oxide_GA_48600.h5;08_Ocre_havane_GA_T2800200A.h5,0.844,0.156,0.8229465317098945,0.1770534682901055
09_Ocre_citron_GA_T2600200A.h5;11_Malachite_GA_1671144.h5,0.816,0.184,0.7967870144484537,0.20321298555154632
14_Iron_red_GA_48600.h5;06_Ploss_blau_GA_10170.h5,0.792,0.208,0.7810602500355358,0.2189397499644642
18_Egyptian_blue_GA_10060.h5;20_Azurite_GA_10210.h5,0.797,0.203,0.7977053679194178,0.20229463208058218
10_Malachite_GA_1674110.h5;17_Green_earth_GA_17400.h5,0.814,0.186,0.8006730422122171,0.19932695778778287
21_Titanium_white_GA_46200.h5;12_Malachite_GA_10300.h5,0.787,0.213,0.7972281060920834,0.2027718939079166
18_Egyptian_blue_GA_10060.h5;13_Magnesite_GA_11900.h5,0.839,0.161,0.8440115250557916,0.15598847494420842
06_Ploss_blau_GA_10170.h5;09_Ocre_citron_GA_T2600200A.h5,0.764,0.236,0.7615261768264227,0.23847382317357735
13_Magnesite_GA_11900.h5;21_Titanium_white_GA_46200.h5,0.877,0.123,0.8115217805891974,0.18847821941080256
03_Terre_ombre_GA_T07000250A.h5;14_Iron_red_GA_48600.h5,0.772,0.228,0.7582433349865538,0.24175666501344617
01_Ultramarin_GA_45010.h5;19_Carmin_naccarat_GA_42100.h5,0.787,0.213,0.7753114345764739,0.2246885654235261
06_Ploss_blau_GA_10170.h5;04_Red_oxide_GA_48600.h5,0.807,0.193,0.8038440392599359,0.19615596074006414
17_Green_earth_GA_17400.h5;11_Malachite_GA_1671144.h5,0.883,0.117,0.8857762272617672,0.11422377273823281
21_Titanium_white_GA_46200.h5;04_Red_oxide_GA_48600.h5,0.779,0.221,0.7971614672616255,0.2028385327383745
10_Malachite_GA_1674110.h5;18_Egyptian_blue_GA_10060.h5,0.817,0.183,0.8152384395249774,0.18476156047502257
01_Ultramarin_GA_45010.h5;17_Green_earth_GA_17400.h5,0.741,0.259,0.752732444873071,0.247267555126929
18_Egyptian_blue_GA_10060.h5;21_Titanium_white_GA_46200.h5,0.763,0.237,0.8189814155398951,0.18101858446010488
02_Ultramarin_GA_45080.h5;16_Indigo_GA_36009.h5,0.836,0.164,0.8121673380272451,0.18783266197275494
16_Indigo_GA_36009.h5;12_Malachite_GA_10300.h5,0.825,0.175,0.8120827461599321,0.18791725384006785
09_Ocre_citron_GA_T2600200A.h5;07_Peach_black_GA_12010.h5,0.831,0.169,0.7835875338267607,0.21641246617323928
18_Egyptian_blue_GA_10060.h5;06_Ploss_blau_GA_10170.h5,0.806,0.194,0.8041245691996124,0.1958754308003876
14_Iron_red_GA_48600.h5;13_Magnesite_GA_11900.h5,0.81,0.19,0.8340486061999537,0.1659513938000463
14_Iron_red_GA_48600.h5;17_Green_earth_GA_17400.h5,0.758,0.242,0.7570989560992808,0.2429010439007192
17_Green_earth_GA_17400.h5;09_Ocre_citron_GA_T2600200A.h5,0.839,0.161,0.8160351664255737,0.18396483357442628
02_Ultramarin_GA_45080.h5;01_Ultramarin_GA_45010.h5,0.722,0.278,0.8208229041373464,0.17917709586265362
05_Pure_rouge_GA_T3800250A.h5;12_Malachite_GA_10300.h5,0.805,0.195,0.837804277921309,0.16219572207869104
17_Green_earth_GA_17400.h5;11_Malachite_GA_1671144.h5,0.736,0.264,0.7476044677227842,0.2523955322772158
09_Ocre_citron_GA_T2600200A.h5;01_Ultramarin_GA_45010.h5,0.779,0.221,0.7850761286048438,0.21492387139515623
15_Iron_oxide_GA_1675410.h5;11_Malachite_GA_1671144.h5,0.763,0.237,0.7654226234988457,0.2345773765011543
05_Pure_rouge_GA_T3800250A.h5;16_Indigo_GA_36009.h5,0.812,0.188,0.8139404577496158,0.18605954225038424
20_Azurite_GA_10210.h5;16_Indigo_GA_36009.h5,0.872,0.128,0.8073906212921759,0.19260937870782413
20_Azurite_GA_10210.h5;06_Ploss_blau_GA_10170.h5,0.794,0.206,0.7878533499319871,0.21214665006801292
02_Ultramarin_GA_45080.h5;05_Pure_rouge_GA_T3800250A.h5,0.847,0.153,0.8037990486111932,0.19620095138880678
09_Ocre_citron_GA_T2600200A.h5;16_Indigo_GA_36009.h5,0.787,0.213,0.8249410944761099,0.17505890552389014
04_Red_oxide_GA_48600.h5;17_Green_earth_GA_17400.h5,0.747,0.253,0.7321321340609851,0.2678678659390149
12_Malachite_GA_10300.h5;07_Peach_black_GA_12010.h5,0.772,0.228,0.7862413857651301,0.21375861423486986
07_Peach_black_GA_12010.h5;04_Red_oxide_GA_48600.h5,0.867,0.133,0.8656056895943677,0.13439431040563232
09_Ocre_citron_GA_T2600200A.h5;19_Carmin_naccarat_GA_42100.h5,0.77,0.23,0.8234561433112327,0.17654385668876726
01_Ultramarin_GA_45010.h5;13_Magnesite_GA_11900.h5,0.778,0.222,0.7796184751994875,0.22038152480051254
13_Magnesite_GA_11900.h5;10_Malachite_GA_1674110.h5,0.73,0.27,0.7806175604886595,0.2193824395113405
19_Carmin_naccarat_GA_42100.h5;12_Malachite_GA_10300.h5,0.864,0.136,0.7827181921306788,0.21728180786932116
06_Ploss_blau_GA_10170.h5;09_Ocre_citron_GA_T2600200A.h5,0.781,0.219,0.7679879774152379,0.23201202258476206
16_Indigo_GA_36009.h5;20_Azurite_GA_10210.h5,0.873,0.127,0.8409506460985312,0.1590493539014688
14_Iron_red_GA_48600.h5;12_Malachite_GA_10300.h5,0.796,0.204,0.8200811580515246,0.1799188419484754
15_Iron_oxide_GA_1675410.h5;04_Red_oxide_GA_48600.h5,0.753,0.247,0.7918194249404376,0.20818057505956244
13_Magnesite_GA_11900.h5;04_Red_oxide_GA_48600.h5,0.783,0.217,0.7983292856180296,0.20167071438197037
07_Peach_black_GA_12010.h5;11_Malachite_GA_1671144.h5,0.828,0.172,0.8277546722316206,0.17224532776837942
08_Ocre_havane_GA_T2800200A.h5;18_Egyptian_blue_GA_10060.h5,0.848,0.152,0.7656725824085174,0.23432741759148257
14_Iron_red_GA_48600.h5;16_Indigo_GA_36009.h5,0.769,0.231,0.7972931205180164,0.20270687948198363
02_Ultramarin_GA_45080.h5;17_Green_earth_GA_17400.h5,0.816,0.184,0.7883696154178589,0.21163038458214112
16_Indigo_GA_36009.h5;03_Terre_ombre_GA_T07000250A.h5,0.816,0.184,0.8046292904940029,0.1953707095059971
15_Iron_oxide_GA_1675410.h5;16_Indigo_GA_36009.h5,0.85,0.15,0.8050366641995093,0.19496333580049074
10_Malachite_GA_1674110.h5;03_Terre_ombre_GA_T07000250A.h5,0.736,0.264,0.7285094390230502,0.2714905609769498
20_Azurite_GA_10210.h5;03_Terre_ombre_GA_T07000250A.h5,0.734,0.266,0.7504589316449007,0.24954106835509926
04_Red_oxide_GA_48600.h5;11_Malachite_GA_1671144.h5,0.729,0.271,0.7395447993592562,0.2604552006407438
03_Terre_ombre_GA_T07000250A.h5;07_Peach_black_GA_12010.h5,0.7,0.3,0.7023704345677702,0.29762956543222985
21_Titanium_white_GA_46200.h5;19_Carmin_naccarat_GA_42100.h5,0.807,0.193,0.8146826383192345,0.1853173616807655
02_Ultramarin_GA_45080.h5;11_Malachite_GA_1671144.h5,0.79,0.21,0.8165530223116378,0.18344697768836216
02_Ultramarin_GA_45080.h5;12_Malachite_GA_10300.h5,0.775,0.225,0.7839186816603404,0.2160813183396596
03_Terre_ombre_GA_T07000250A.h5;19_Carmin_naccarat_GA_42100.h5,0.762,0.238,0.776182455731226,0.22381754426877398
01_Ultramarin_GA_45010.h5;04_Red_oxide_GA_48600.h5,0.823,0.177,0.8128052686302437,0.18719473136975628
12_Malachite_GA_10300.h5;13_Magnesite_GA_11900.h5,0.8,0.2,0.7992733921435886,0.2007266078564114
12_Malachite_GA_10300.h5;03_Terre_ombre_GA_T07000250A.h5,0.869,0.131,0.8618125360833303,0.1381874639166697
20_Azurite_GA_10210.h5;10_Malachite_GA_1674110.h5,0.706,0.294,0.7318568013008442,0.2681431986991558
19_Carmin_naccarat_GA_42100.h5;12_Malachite_GA_10300.h5,0.809,0.191,0.805908716654245,0.19409128334575498
13_Magnesite_GA_11900.h5;16_Indigo_GA_36009.h5,0.758,0.242,0.7840802581459569,0.21591974185404306
21_Titanium_white_GA_46200.h5;11_Malachite_GA_1671144.h5,0.853,0.147,0.8168553139033807,0.18314468609661927
05_Pure_rouge_GA_T3800250A.h5;17_Green_earth_GA_17400.h5,0.803,0.197,0.7736484667062871,0.22635153329371294
11_Malachite_GA_1671144.h5;19_Carmin_naccarat_GA_42100.h5,0.794,0.206,0.7303938452082164,0.2696061547917836
14_Iron_red_GA_48600.h5;12_Malachite_GA_10300.h5,0.704,0.296,0.7387804045303163,0.26121959546968365
12_Malachite_GA_10300.h5;05_Pure_rouge_GA_T3800250A.h5,0.844,0.156,0.8559326860462388,0.14406731395376116
04_Red_oxide_GA_48600.h5;01_Ultramarin_GA_45010.h5,0.801,0.199,0.7941259824096591,0.20587401759034085
21_Titanium_white_GA_46200.h5;08_Ocre_havane_GA_T2800200A.h5,0.822,0.178,0.8106321646876755,0.18936783531232448
10_Malachite_GA_1674110.h5;19_Carmin_naccarat_GA_42100.h5,0.728,0.272,0.7854505355247259,0.21454946447527412
16_Indigo_GA_36009.h5;15_Iron_oxide_GA_1675410.h5,0.823,0.177,0.7728110964406398,0.22718890355936017
01_Ultramarin_GA_45010.h5;05_Pure_rouge_GA_T3800250A.h5,0.87,0.13,0.8778314730635781,0.12216852693642188
01_Ultramarin_GA_45010.h5;14_Iron_red_GA_48600.h5,0.7,0.3,0.7602744658550675,0.23972553414493247
08_Ocre_havane_GA_T2800200A.h5;01_Ultramarin_GA_45010.h5,0.9,0.1,0.8007469883282878,0.19925301167171217
21_Titanium_white_GA_46200.h5;13_Magnesite_GA_11900.h5,0.802,0.198,0.7894485758745338,0.21055142412546624
13_Magnesite_GA_11900.h5;04_Red_oxide_GA_48600.h5,0.793,0.207,0.7962167524529998,0.20378324754700017
15_Iron_oxide_GA_1675410.h5;18_Egyptian_blue_GA_10060.h5,0.746,0.254,0.8117576728370915,0.18824232716290845
14_Iron_red_GA_48600.h5;07_Peach_black_GA_12010.h5,0.776,0.224,0.8085950243364175,0.1914049756635825
07_Peach_black_GA_12010.h5;13_Magnesite_GA_11900.h5,0.81,0.19,0.8167397070964003,0.1832602929035997
14_Iron_red_GA_48600.h5;12_Malachite_GA_10300.h5,0.758,0.242,0.7496686131564155,0.25033138684358447
08_Ocre_havane_GA_T2800200A.h5;04_Red_oxide_GA_48600.h5,0.7,0.3,0.7561405809685392,0.2438594190314608
11_Malachite_GA_1671144.h5;06_Ploss_blau_GA_10170.h5,0.803,0.197,0.8114381078454491,0.18856189215455088
20_Azurite_GA_10210.h5;10_Malachite_GA_1674110.h5,0.751,0.249,0.7722267410880332,0.22777325891196676
16_Indigo_GA_36009.h5;21_Titanium_white_GA_46200.h5,0.746,0.254,0.7539267428729409,0.24607325712705908
14_Iron_red_GA_48600.h5;06_Ploss_blau_GA_10170.h5,0.866,0.134,0.8551229452270787,0.14487705477292134
